車種名,モデル,グレード,支払総額,年式,走行距離,修復歴,ミッション,排気量,取得日時,取得日,取得時刻,ソースURL,車両URL
RC,情報なし,350 Fスポーツ TRDエアロ&マフラー　角型3眼LED　BSM,543.9万円,2019(R01),0.2万km,なし,フロアMTモード付8AT,3500CC,2025-08-08T23:30:56.396431,2025-08-08,23:30:56,https://www.carsensor.net/usedcar/index.html?STID=CS210610&AR=&BRDC=&CARC=LE_S015&NINTEI=&CSHOSHO=,https://www.carsensor.net/usedcar/detail/AU6453120069/index.html
RC,情報なし,350 サンルーフ黒革OP衝突軽減メーカーナビTV,238.7万円,2015(H27),2.8万km,なし,フロアMTモード付8AT,3500CC,2025-08-08T23:30:56.398976,2025-08-08,23:30:56,https://www.carsensor.net/usedcar/index.html?STID=CS210610&AR=&BRDC=&CARC=LE_S015&NINTEI=&CSHOSHO=,https://www.carsensor.net/usedcar/detail/AU6473605452/index.html
RC,情報なし,300h Fスポーツ LEDヘッドライト　19インチアルミホイール　クルコン　Bカメラ　パワーシート　シートH　シートベンチレーション　ナビ　TV　マークレビンソン　ETC　ステアリングヒーター　革シート,341.9万円,2015(H27),0.6万km,なし,フロアMTモード付CVT,2500CC,2025-08-08T23:30:56.401958,2025-08-08,23:30:56,https://www.carsensor.net/usedcar/index.html?STID=CS210610&AR=&BRDC=&CARC=LE_S015&NINTEI=&CSHOSHO=,https://www.carsensor.net/usedcar/detail/AU6455685952/index.html
RC,情報なし,300h ナビ Bカメラ 革シート ドラレコ,264.8万円,2015(H27),5.2万km,なし,フロアMTモード付CVT,3500CC,2025-08-08T23:30:56.404819,2025-08-08,23:30:56,https://www.carsensor.net/usedcar/index.html?STID=CS210610&AR=&BRDC=&CARC=LE_S015&NINTEI=&CSHOSHO=,https://www.carsensor.net/usedcar/detail/AU6351291874/index.html
RC,情報なし,300h Fスポーツ プリクラッシュ　クリアランスソナー　赤革　パワーシート　シートベンチレーション　純正ナビ　バックカメラ　LEDヘッド　レーダークルーズ　革巻きステアリング　パドルシフト　純正19インチAW　禁煙車,229.9万円,2015(H27),7.4万km,なし,フロアMTモード付CVT,2500CC,2025-08-08T23:30:56.407554,2025-08-08,23:30:56,https://www.carsensor.net/usedcar/index.html?STID=CS210610&AR=&BRDC=&CARC=LE_S015&NINTEI=&CSHOSHO=,https://www.carsensor.net/usedcar/detail/AU6274260173/index.html
RC,情報なし,300h Fスポーツ 電動白革温冷席 オレンジキャリパー ACC,399.8万円,2019(R01),3.2万km,なし,フロアMTモード付CVT,2500CC,2025-08-08T23:30:56.410315,2025-08-08,23:30:56,https://www.carsensor.net/usedcar/index.html?STID=CS210610&AR=&BRDC=&CARC=LE_S015&NINTEI=&CSHOSHO=,https://www.carsensor.net/usedcar/detail/AU6429059039/index.html
RC,情報なし,300h Fスポーツ メーカーナビ バックカメラ,285.9万円,2015(H27),3.2万km,なし,フロアMTモード付CVT,2500CC,2025-08-08T23:30:56.413037,2025-08-08,23:30:56,https://www.carsensor.net/usedcar/index.html?STID=CS210610&AR=&BRDC=&CARC=LE_S015&NINTEI=&CSHOSHO=,https://www.carsensor.net/usedcar/detail/AU6319908966/index.html
RC,情報なし,300h 純正ナビ 車高調 社外マフラー 純正17AW,269.8万円,2017(H29),5.1万km,なし,フロアMTモード付CVT,2500CC,2025-08-08T23:30:56.415667,2025-08-08,23:30:56,https://www.carsensor.net/usedcar/index.html?STID=CS210610&AR=&BRDC=&CARC=LE_S015&NINTEI=&CSHOSHO=,https://www.carsensor.net/usedcar/detail/AU6389630365/index.html
RC,情報なし,300 バージョンL 後期型/ダークローズ内装,286.1万円,2019(H31),11万km,なし,フロアMTモード付8AT,2000CC,2025-08-08T23:30:56.418432,2025-08-08,23:30:56,https://www.carsensor.net/usedcar/index.html?STID=CS210610&AR=&BRDC=&CARC=LE_S015&NINTEI=&CSHOSHO=,https://www.carsensor.net/usedcar/detail/AU6418802728/index.html
RC,情報なし,350 バージョンL 全国3年保証付 サンルーフ オーカー本革,419.2万円,2019(H31),3万km,なし,フロア8AT,3500CC,2025-08-08T23:30:56.421122,2025-08-08,23:30:56,https://www.carsensor.net/usedcar/index.html?STID=CS210610&AR=&BRDC=&CARC=LE_S015&NINTEI=&CSHOSHO=,https://www.carsensor.net/usedcar/detail/AU6386264511/index.html
RC,情報なし,300h Fスポーツ サンルーフ 本革 禁煙車 純正ナビ Bカメラ,355.1万円,2019(R01),7.3万km,なし,フロアMTモード付CVT,2500CC,2025-08-08T23:30:56.423835,2025-08-08,23:30:56,https://www.carsensor.net/usedcar/index.html?STID=CS210610&AR=&BRDC=&CARC=LE_S015&NINTEI=&CSHOSHO=,https://www.carsensor.net/usedcar/detail/AU6403383917/index.html
RC,情報なし,300h Fスポーツ サンルーフ3眼LED赤革エアシート純正ナビTV,185.4万円,2015(H27),12.7万km,あり,フロアMTモード付CVT,2500CC,2025-08-08T23:30:56.426536,2025-08-08,23:30:56,https://www.carsensor.net/usedcar/index.html?STID=CS210610&AR=&BRDC=&CARC=LE_S015&NINTEI=&CSHOSHO=,https://www.carsensor.net/usedcar/detail/AU6415534178/index.html
RC,情報なし,300h Fスポーツ ムーンルーフ 純正ナビ シートヒーター,318.9万円,2018(H30),5万km,なし,フロアMTモード付CVT,2500CC,2025-08-08T23:30:56.429287,2025-08-08,23:30:56,https://www.carsensor.net/usedcar/index.html?STID=CS210610&AR=&BRDC=&CARC=LE_S015&NINTEI=&CSHOSHO=,https://www.carsensor.net/usedcar/detail/AU6296706199/index.html
RC,情報なし,350 Fスポーツ 後期 白革 3眼LED 10.3型ナビ Bカメラ TSS,432.6万円,2019(H31),1.5万km,なし,フロアMTモード付8AT,3500CC,2025-08-08T23:30:56.432051,2025-08-08,23:30:56,https://www.carsensor.net/usedcar/index.html?STID=CS210610&AR=&BRDC=&CARC=LE_S015&NINTEI=&CSHOSHO=,https://www.carsensor.net/usedcar/detail/AU6357985335/index.html
RC,情報なし,200t Fスポーツ 禁煙 ベンチレーション BSM 赤革,295.9万円,2016(H28),3.9万km,なし,フロアMTモード付8AT,2000CC,2025-08-08T23:30:56.434733,2025-08-08,23:30:56,https://www.carsensor.net/usedcar/index.html?STID=CS210610&AR=&BRDC=&CARC=LE_S015&NINTEI=&CSHOSHO=,https://www.carsensor.net/usedcar/detail/AU6187238832/index.html
RC,情報なし,300h バージョンL 3眼LED純正ナビOP衝突軽減Fスポ用19AW,179.9万円,2015(H27),12.9万km,なし,フロアCVT,2500CC,2025-08-08T23:30:56.437489,2025-08-08,23:30:56,https://www.carsensor.net/usedcar/index.html?STID=CS210610&AR=&BRDC=&CARC=LE_S015&NINTEI=&CSHOSHO=,https://www.carsensor.net/usedcar/detail/AU6325959393/index.html
RC,情報なし,350 バージョンL 社外Fリップ ナビ Bカメラ BBS19AW LOWDOWN,276.2万円,2016(H28),5.1万km,なし,フロアMTモード付8AT,3500CC,2025-08-08T23:30:56.440170,2025-08-08,23:30:56,https://www.carsensor.net/usedcar/index.html?STID=CS210610&AR=&BRDC=&CARC=LE_S015&NINTEI=&CSHOSHO=,https://www.carsensor.net/usedcar/detail/AU6387742908/index.html
RC,情報なし,300h Fスポーツ 禁煙車 純正ナビ ETC パワーシート,298.8万円,2015(H27),3.7万km,なし,フロアMTモード付CVT,2500CC,2025-08-08T23:30:56.442867,2025-08-08,23:30:56,https://www.carsensor.net/usedcar/index.html?STID=CS210610&AR=&BRDC=&CARC=LE_S015&NINTEI=&CSHOSHO=,https://www.carsensor.net/usedcar/detail/AU6449125357/index.html
RC,情報なし,200t Fスポーツ ムーンルーフ/赤革/純正ナビ/TV/Bカメラ,319.8万円,2017(H29),2.9万km,なし,フロアMTモード付8AT,2000CC,2025-08-08T23:30:56.445537,2025-08-08,23:30:56,https://www.carsensor.net/usedcar/index.html?STID=CS210610&AR=&BRDC=&CARC=LE_S015&NINTEI=&CSHOSHO=,https://www.carsensor.net/usedcar/detail/AU6343647110/index.html
RC,情報なし,300h バージョンL 本革 禁煙車 純正ナビ Bカメ フルセグ BBS,228.2万円,2016(H28),7.2万km,なし,フロアMTモード付CVT,2500CC,2025-08-08T23:30:56.447706,2025-08-08,23:30:56,https://www.carsensor.net/usedcar/index.html?STID=CS210610&AR=&BRDC=&CARC=LE_S015&NINTEI=&CSHOSHO=,https://www.carsensor.net/usedcar/detail/AU6415366105/index.html
RC,情報なし,300h Fスポーツ 赤本革・三眼LED・シートヒーター,389.4万円,2016(H28),0.6万km,なし,フロアCVT,2500CC,2025-08-08T23:30:56.449790,2025-08-08,23:30:56,https://www.carsensor.net/usedcar/index.html?STID=CS210610&AR=&BRDC=&CARC=LE_S015&NINTEI=&CSHOSHO=,https://www.carsensor.net/usedcar/detail/AU6251261790/index.html
RC,情報なし,300h Fスポーツ 三眼LED黒革シート純正ナビ地デジ衝突軽減,345.5万円,2019(R01),6.3万km,なし,フロアMTモード付CVT,2500CC,2025-08-08T23:30:56.452590,2025-08-08,23:30:56,https://www.carsensor.net/usedcar/index.html?STID=CS210610&AR=&BRDC=&CARC=LE_S015&NINTEI=&CSHOSHO=,https://www.carsensor.net/usedcar/detail/AU6459734558/index.html
RC,情報なし,300h バージョンL 後期　マークレビンソン　純正ナビ　バックカメラ　セーフティシステムプラス　純正OP19インチAW　ブラインドスポット　レーダークルーズ　LEDヘッド　シートベンチレーション　革巻きステアリング　禁煙車,455.9万円,2019(H31),0.5万km,なし,フロアMTモード付CVT,2500CC,2025-08-08T23:30:56.455454,2025-08-08,23:30:56,https://www.carsensor.net/usedcar/index.html?STID=CS210610&AR=&BRDC=&CARC=LE_S015&NINTEI=&CSHOSHO=,https://www.carsensor.net/usedcar/detail/AU6430683246/index.html
RC,情報なし,350 バージョンL 衝突軽減 10型ナビ 三眼LED サンルーフ BSM,589.8万円,2024(R06),1.1万km,なし,フロア8AT,3500CC,2025-08-08T23:30:56.458088,2025-08-08,23:30:56,https://www.carsensor.net/usedcar/index.html?STID=CS210610&AR=&BRDC=&CARC=LE_S015&NINTEI=&CSHOSHO=,https://www.carsensor.net/usedcar/detail/AU6387432785/index.html
RC,情報なし,300h Fスポーツ ムーンルーフ 角型LEDヘッド　黒革シート,289.9万円,2015(H27),5万km,なし,フロアMTモード付CVT,2500CC,2025-08-08T23:30:56.460965,2025-08-08,23:30:56,https://www.carsensor.net/usedcar/index.html?STID=CS210610&AR=&BRDC=&CARC=LE_S015&NINTEI=&CSHOSHO=,https://www.carsensor.net/usedcar/detail/AU6284011689/index.html
RC,情報なし,350 Fスポーツ 純正ナビ/フルセグ/BT/AM/FM/ETC/クルコン,298.8万円,2018(H30),5.3万km,なし,フロアMTモード付8AT,3500CC,2025-08-08T23:30:56.463662,2025-08-08,23:30:56,https://www.carsensor.net/usedcar/index.html?STID=CS210610&AR=&BRDC=&CARC=LE_S015&NINTEI=&CSHOSHO=,https://www.carsensor.net/usedcar/detail/AU6451770168/index.html
RC,情報なし,300h Fスポーツ 白革 サンルーフ 純正ナビ バックカメラ ETC パワーシート シートヒーター シートエアコン アクティブクルーズコントロール,444.8万円,2020(R02),2.2万km,なし,フロアMTモード付CVT,2500CC,2025-08-08T23:30:56.466384,2025-08-08,23:30:56,https://www.carsensor.net/usedcar/index.html?STID=CS210610&AR=&BRDC=&CARC=LE_S015&NINTEI=&CSHOSHO=,https://www.carsensor.net/usedcar/detail/AU6332157319/index.html
RC,情報なし,350 Fスポーツ 318PSマクレビ3眼LED黒革エアシートナビTV,239.4万円,2015(H27),7.8万km,なし,フロアMTモード付8AT,3500CC,2025-08-08T23:30:56.469121,2025-08-08,23:30:56,https://www.carsensor.net/usedcar/index.html?STID=CS210610&AR=&BRDC=&CARC=LE_S015&NINTEI=&CSHOSHO=,https://www.carsensor.net/usedcar/detail/AU6373311283/index.html
RC,情報なし,300 Fスポーツ 後期 マークレビンソン PCS ACC BSM ETC,396.8万円,2019(H31),1.6万km,なし,フロアMTモード付8AT,2000CC,2025-08-08T23:30:56.471833,2025-08-08,23:30:56,https://www.carsensor.net/usedcar/index.html?STID=CS210610&AR=&BRDC=&CARC=LE_S015&NINTEI=&CSHOSHO=,https://www.carsensor.net/usedcar/detail/AU6376281863/index.html
RC,情報なし,300h Fスポーツ 衝突軽減/サンルーフ/レーダークルーズ,239.9万円,2018(H30),13万km,なし,フロアMTモード付CVT,2500CC,2025-08-08T23:30:56.474616,2025-08-08,23:30:56,https://www.carsensor.net/usedcar/index.html?STID=CS210610&AR=&BRDC=&CARC=LE_S015&NINTEI=&CSHOSHO=,https://www.carsensor.net/usedcar/detail/AU6387579785/index.html
RC,情報なし,200t Fスポーツ 専用白革シート　 純正19インチアルミ,254.9万円,2016(H28),9.5万km,なし,フロアMTモード付8AT,2000CC,2025-08-08T23:30:59.303028,2025-08-08,23:30:59,https://www.carsensor.net/usedcar/bLE/s015/index2.html,https://www.carsensor.net/usedcar/detail/AU6459887941/index.html
RC,情報なし,350 Fスポーツ LED　Bカメラ　ETC フルセグ　BSM,310.9万円,2015(H27),7.4万km,なし,フロア8AT,3500CC,2025-08-08T23:30:59.305838,2025-08-08,23:30:59,https://www.carsensor.net/usedcar/bLE/s015/index2.html,https://www.carsensor.net/usedcar/detail/AU6482530209/index.html
RC,情報なし,350 Fスポーツ 318PS赤革エアシート衝突軽減ナビ純正19AW,197.9万円,2015(H27),11.9万km,なし,フロア8AT,3500CC,2025-08-08T23:30:59.308521,2025-08-08,23:30:59,https://www.carsensor.net/usedcar/bLE/s015/index2.html,https://www.carsensor.net/usedcar/detail/AU6395316307/index.html
RC,情報なし,350 Fスポーツ マクレビ赤革3眼LEDプリクラッシュ19AW,259.7万円,2016(H28),5.8万km,なし,フロアMTモード付8AT,3500CC,2025-08-08T23:30:59.311185,2025-08-08,23:30:59,https://www.carsensor.net/usedcar/bLE/s015/index2.html,https://www.carsensor.net/usedcar/detail/AU6293638063/index.html
RC,情報なし,300h Fスポーツ 赤革 Bカメラ ドラレコ クリアランスソナー　電動リアゲート　LED　クルコン　パワーシート　パドルシフト　純正ナビ　フルセグ　スマートキー　ドラレコ　シートヒーター,309.8万円,2014(H26),6.3万km,なし,フロアMTモード付CVT,2500CC,2025-08-08T23:30:59.313908,2025-08-08,23:30:59,https://www.carsensor.net/usedcar/bLE/s015/index2.html,https://www.carsensor.net/usedcar/detail/AU6344912066/index.html
RC,情報なし,300h バージョンL サンルーフ 三眼　本革  純正ナビ,225.3万円,2015(H27),10.5万km,なし,フロアMTモード付CVT,2500CC,2025-08-08T23:30:59.316083,2025-08-08,23:30:59,https://www.carsensor.net/usedcar/bLE/s015/index2.html,https://www.carsensor.net/usedcar/detail/AU6451041684/index.html
RC,情報なし,300 Fスポーツ,412.2万円,2020(R02),2.6万km,なし,フロア8AT,2000CC,2025-08-08T23:30:59.318649,2025-08-08,23:30:59,https://www.carsensor.net/usedcar/bLE/s015/index2.html,https://www.carsensor.net/usedcar/detail/AU6421896787/index.html
RC,情報なし,300h Fスポーツ 赤革シート メーカーナビ パドルシフト ETC,239.8万円,2015(H27),10.5万km,なし,フロアMTモード付CVT,2500CC,2025-08-08T23:30:59.321298,2025-08-08,23:30:59,https://www.carsensor.net/usedcar/bLE/s015/index2.html,https://www.carsensor.net/usedcar/detail/AU6336800775/index.html
RC,情報なし,300h Fスポーツ 禁煙 黒革 純正ナビ SR ベンチレーション,391.8万円,2018(H30),4.3万km,なし,フロアMTモード付CVT,2500CC,2025-08-08T23:30:59.324023,2025-08-08,23:30:59,https://www.carsensor.net/usedcar/bLE/s015/index2.html,https://www.carsensor.net/usedcar/detail/AU6223797391/index.html
RC,情報なし,350 Fスポーツ プリクラッシュセーフティシステム,239.9万円,2015(H27),8万km,なし,フロアMTモード付8AT,3500CC,2025-08-08T23:30:59.326732,2025-08-08,23:30:59,https://www.carsensor.net/usedcar/bLE/s015/index2.html,https://www.carsensor.net/usedcar/detail/AU6248328081/index.html
RC,情報なし,350 Fスポーツ 衝突回避支援・本革・ムーンルーフ・BSM,470.6万円,2018(H30),2.2万km,なし,フロア8AT,3500CC,2025-08-08T23:30:59.328971,2025-08-08,23:30:59,https://www.carsensor.net/usedcar/bLE/s015/index2.html,https://www.carsensor.net/usedcar/detail/AU6457793614/index.html
RC,情報なし,300h Fスポーツ 赤革シート・BSM・ドラレコ・レーダークル,334万円,2017(H29),3.9万km,なし,フロアCVT,2500CC,2025-08-08T23:30:59.331546,2025-08-08,23:30:59,https://www.carsensor.net/usedcar/bLE/s015/index2.html,https://www.carsensor.net/usedcar/detail/AU6395618577/index.html
RC,情報なし,300h Fスポーツ 3眼LED サンルーフ 本革エアシート,268万円,2015(H27),9万km,なし,フロアMTモード付CVT,2500CC,2025-08-08T23:30:59.334258,2025-08-08,23:30:59,https://www.carsensor.net/usedcar/bLE/s015/index2.html,https://www.carsensor.net/usedcar/detail/AU6410499716/index.html
RC,情報なし,300h バージョンL 後期型純正ナビBカメラ茶革TV衝突軽減,380.2万円,2019(H31),3.4万km,なし,フロアMTモード付CVT,2500CC,2025-08-08T23:30:59.336945,2025-08-08,23:30:59,https://www.carsensor.net/usedcar/bLE/s015/index2.html,https://www.carsensor.net/usedcar/detail/AU6368287344/index.html
RC,情報なし,300h Fスポーツ 禁煙 純正ナビTV クルコン LEDライト ETC,290.8万円,2015(H27),6.5万km,なし,フロアMTモード付CVT,2500CC,2025-08-08T23:30:59.339673,2025-08-08,23:30:59,https://www.carsensor.net/usedcar/bLE/s015/index2.html,https://www.carsensor.net/usedcar/detail/AU6455526250/index.html
RC,情報なし,300h Fスポーツ 本革 禁煙車 純正ナビ Bカメラ フルセグ,256.4万円,2015(H27),9.6万km,なし,フロアMTモード付CVT,2500CC,2025-08-08T23:30:59.342369,2025-08-08,23:30:59,https://www.carsensor.net/usedcar/bLE/s015/index2.html,https://www.carsensor.net/usedcar/detail/AU6457499645/index.html
RC,情報なし,200t Fスポーツ 禁煙 赤革 BSM シートメモリー 衝突軽減,304.9万円,2016(H28),5.8万km,なし,フロアMTモード付8AT,2000CC,2025-08-08T23:30:59.345098,2025-08-08,23:30:59,https://www.carsensor.net/usedcar/bLE/s015/index2.html,https://www.carsensor.net/usedcar/detail/AU6445680735/index.html
RC,情報なし,300 Fスポーツ カーボンリアスポイラー 赤革 三眼LED ETC,299.8万円,2018(H30),6.4万km,なし,フロアMTモード付8AT,2000CC,2025-08-08T23:30:59.347758,2025-08-08,23:30:59,https://www.carsensor.net/usedcar/bLE/s015/index2.html,https://www.carsensor.net/usedcar/detail/AU6428763900/index.html
RC,情報なし,300 Fスポーツ 衝突軽減　BSM　革S　前後ドラレコ　禁煙車,457万円,2021(R03),3.7万km,なし,フロア8AT,2000CC,2025-08-08T23:30:59.349875,2025-08-08,23:30:59,https://www.carsensor.net/usedcar/bLE/s015/index2.html,https://www.carsensor.net/usedcar/detail/AU6351291738/index.html
RC,情報なし,300h Fスポーツ プライム ブラック ・トヨタ認定中古車,385.1万円,2018(H30),3.6万km,なし,フロアCVT,2500CC,2025-08-08T23:30:59.351986,2025-08-08,23:30:59,https://www.carsensor.net/usedcar/bLE/s015/index2.html,https://www.carsensor.net/usedcar/detail/AU6414998555/index.html
RC,情報なし,300h Fスポーツ 禁煙車/オレンジキャリパー/サンルーフ,558.8万円,2023(R05),2.8万km,なし,フロアCVT,2500CC,2025-08-08T23:30:59.354680,2025-08-08,23:30:59,https://www.carsensor.net/usedcar/bLE/s015/index2.html,https://www.carsensor.net/usedcar/detail/AU6407126906/index.html
RC,情報なし,300h Fスポーツ マークレビンソンサウンド　ETC,433万円,2020(R02),6万km,なし,フロアMTモード付CVT,2500CC,2025-08-08T23:30:59.357442,2025-08-08,23:30:59,https://www.carsensor.net/usedcar/bLE/s015/index2.html,https://www.carsensor.net/usedcar/detail/AU6276992359/index.html
RC,情報なし,300h バージョンL 禁煙車 純正ナビ サンルーフ エアシート,394.2万円,2018(H30),6万km,なし,フロアMTモード付CVT,2500CC,2025-08-08T23:30:59.360067,2025-08-08,23:30:59,https://www.carsensor.net/usedcar/bLE/s015/index2.html,https://www.carsensor.net/usedcar/detail/AU6434333766/index.html
RC,情報なし,300h ナビ　Bカメラ　ETC　ドラレコ　LED,286.7万円,2015(H27),6.4万km,なし,フロアCVT,2500CC,2025-08-08T23:30:59.362751,2025-08-08,23:30:59,https://www.carsensor.net/usedcar/bLE/s015/index2.html,https://www.carsensor.net/usedcar/detail/AU6387731417/index.html
RC,情報なし,300h Fスポーツ 純正ナビ バックカメラ クルコン 3眼LED,277.8万円,2017(H29),9.1万km,なし,フロアMTモード付CVT,2500CC,2025-08-08T23:30:59.365441,2025-08-08,23:30:59,https://www.carsensor.net/usedcar/bLE/s015/index2.html,https://www.carsensor.net/usedcar/detail/AU6454439797/index.html
RC,情報なし,300h Fスポーツ 新車保証継承付 サンルーフ 本革 TRDマフラ,623万円,2023(R05),0.8万km,なし,フロアCVT,2500CC,2025-08-08T23:30:59.368087,2025-08-08,23:30:59,https://www.carsensor.net/usedcar/bLE/s015/index2.html,https://www.carsensor.net/usedcar/detail/AU6419957254/index.html
RC,情報なし,300h Fスポーツ 後期 専用赤革シート 3眼LEDヘッド 禁煙車　セーフティシステムプラス　純正19インチ5本ツインスポークアルミ　前席シートベンチレーション　ブラインドスポットモニター　クリアランスソナー　レーダークルーズ,462.9万円,2020(R02),3.3万km,なし,フロアMTモード付CVT,2500CC,2025-08-08T23:30:59.370818,2025-08-08,23:30:59,https://www.carsensor.net/usedcar/bLE/s015/index2.html,https://www.carsensor.net/usedcar/detail/AU6470553375/index.html
RC,情報なし,300h Fスポーツ サンルーフ/レーダークルーズ/BSM/ETC,329.9万円,2016(H28),7.2万km,なし,フロアCVT,2500CC,2025-08-08T23:30:59.373497,2025-08-08,23:30:59,https://www.carsensor.net/usedcar/bLE/s015/index2.html,https://www.carsensor.net/usedcar/detail/AU6389017664/index.html
RC,情報なし,300h Fスポーツ 最終生産型ファイナルモデル 環境先進技術HYBRIDエンジン マークレビンソンサラウンド 電動サンルーフ 三眼フルLEDヘッド ENKEI製オプション19inAW 橙色オレンジキャリパー 寒冷地対策仕様 F-SPORTフロアマット付属,610万円,2024(R06),0.5万km,なし,フロアMTモード付CVT,2500CC,2025-08-08T23:30:59.376211,2025-08-08,23:30:59,https://www.carsensor.net/usedcar/bLE/s015/index2.html,https://www.carsensor.net/usedcar/detail/AU6408833913/index.html
RC,情報なし,300h Fスポーツ 赤革シート 三眼LED ドライブレコーダー,430.9万円,2019(H31),3.1万km,なし,フロアMTモード付CVT,2500CC,2025-08-08T23:30:59.378885,2025-08-08,23:30:59,https://www.carsensor.net/usedcar/bLE/s015/index2.html,https://www.carsensor.net/usedcar/detail/AU6347954228/index.html
RC,情報なし,300h ファイナル エディション 最終限定生産プレミアム 特別仕様車ファイナルエディション(Final Edition.) HYBRIDエンジン搭載車 特別生産東レ製ウルトラスウェード 電動サンルーフ ENKEI製スパッタリング光輝塗装19inAW 赤塗色レッドキャリパー,680万円,2025(R07),697km,なし,フロアMTモード付CVT,2500CC,2025-08-08T23:31:02.127514,2025-08-08,23:31:02,https://www.carsensor.net/usedcar/bLE/s015/index3.html,https://www.carsensor.net/usedcar/detail/AU6440575306/index.html
RC,情報なし,300h エモーショナル アッシュ,539万円,2021(R03),2.3万km,なし,その他AT,2500CC,2025-08-08T23:31:02.130159,2025-08-08,23:31:02,https://www.carsensor.net/usedcar/bLE/s015/index3.html,https://www.carsensor.net/usedcar/detail/AU6413981503/index.html
RC,情報なし,300h Fスポーツ 三眼 白革 シートクーラー 衝突軽減,465.8万円,2019(H31),1.2万km,なし,フロアMTモード付CVT,2500CC,2025-08-08T23:31:02.132963,2025-08-08,23:31:02,https://www.carsensor.net/usedcar/bLE/s015/index3.html,https://www.carsensor.net/usedcar/detail/AU6431875199/index.html
RC,情報なし,300 Fスポーツ 赤本革・マークレビンソン・サンルーフ,433.4万円,2020(R02),2.3万km,なし,フロア8AT,2000CC,2025-08-08T23:31:02.135579,2025-08-08,23:31:02,https://www.carsensor.net/usedcar/bLE/s015/index3.html,https://www.carsensor.net/usedcar/detail/AU6352973057/index.html
RC,情報なし,300h Fスポーツ サンルーフ 純正ナビ 3眼LED BSM ETC 禁煙 ムーンルーフ　レーダークルーズコントロール　クリアランスソナー　ブラインドスポットモニター　ステアリングヒーター　シートヒーター　シートベンチレーション,344.8万円,2015(H27),4.8万km,なし,フロアMTモード付CVT,2500CC,2025-08-08T23:31:02.138264,2025-08-08,23:31:02,https://www.carsensor.net/usedcar/bLE/s015/index3.html,https://www.carsensor.net/usedcar/detail/AU6463789547/index.html
RC,情報なし,350 エモーショナル アッシュ セーフティシステム+　専用黒革シート,526.3万円,2021(R03),1.6万km,なし,フロアMTモード付8AT,3500CC,2025-08-08T23:31:02.140943,2025-08-08,23:31:02,https://www.carsensor.net/usedcar/bLE/s015/index3.html,https://www.carsensor.net/usedcar/detail/AU6455656849/index.html
RC,情報なし,300 Fスポーツ 角型3眼LEDヘッドライト オレ,454.9万円,2019(H31),2.6万km,なし,フロアMTモード付8AT,2000CC,2025-08-08T23:31:02.143746,2025-08-08,23:31:02,https://www.carsensor.net/usedcar/bLE/s015/index3.html,https://www.carsensor.net/usedcar/detail/AU6454431032/index.html
RC,情報なし,300h Fスポーツ レーダークルーズ/BSM/シートエアコン/ETC,359.9万円,2015(H27),3.9万km,なし,フロアCVT,2500CC,2025-08-08T23:31:02.146478,2025-08-08,23:31:02,https://www.carsensor.net/usedcar/bLE/s015/index3.html,https://www.carsensor.net/usedcar/detail/AU6413847137/index.html
RC,情報なし,300h Fスポーツ マクレビ　ムーンルーフ　角型LEDヘッド　アチガス/ダークブラウン縞杢インパネ加飾　プリクラ　レークル　クリソナ　BSM　RCTA　禁煙車　赤革　シートベンチレーション　純正19インチAW　ETC,339.9万円,2014(H26),5.7万km,なし,フロアMTモード付CVT,2500CC,2025-08-08T23:31:02.149224,2025-08-08,23:31:02,https://www.carsensor.net/usedcar/bLE/s015/index3.html,https://www.carsensor.net/usedcar/detail/AU6350147949/index.html
RC,情報なし,300h Fスポーツ コーナーセンサー/シートエアコン/ETC,299.9万円,2015(H27),9.3万km,なし,フロアCVT,2500CC,2025-08-08T23:31:02.152009,2025-08-08,23:31:02,https://www.carsensor.net/usedcar/bLE/s015/index3.html,https://www.carsensor.net/usedcar/detail/AU6401932051/index.html
RC,情報なし,350 Fスポーツ TRDエアロ(F/S/R&スポーツマフラー) TRD製19インチ鍛造AW　純正OPカーボンリヤスポイラー　角型LEDヘッド　マクレビ　プリクラ　レークル　BSM　RCTA　クリソナ　車線逸脱　禁煙車,359.3万円,2017(H29),3.8万km,なし,フロアMTモード付8AT,3500CC,2025-08-08T23:31:02.154932,2025-08-08,23:31:02,https://www.carsensor.net/usedcar/bLE/s015/index3.html,https://www.carsensor.net/usedcar/detail/AU6467262114/index.html
RC,情報なし,300h バージョンL シートクーラー/パワーシート/クルコン,399.8万円,2018(H30),4.8万km,なし,フロアMTモード付CVT,2500CC,2025-08-08T23:31:02.157760,2025-08-08,23:31:02,https://www.carsensor.net/usedcar/bLE/s015/index3.html,https://www.carsensor.net/usedcar/detail/AU6384273796/index.html
RC,情報なし,300 Fスポーツ 3眼LED　サンルーフ　ステアリングヒーター　純正19インチAW　ブラックレザーシート　シートヒーター/エアコン　トヨタセーフティセンス　BSM　フルセグTV　バックカメラ　ETC,429万円,2019(R01),2万km,なし,フロアMTモード付8AT,2000CC,2025-08-08T23:31:02.160072,2025-08-08,23:31:02,https://www.carsensor.net/usedcar/bLE/s015/index3.html,https://www.carsensor.net/usedcar/detail/AU6440570277/index.html
RC,情報なし,350 Fスポーツ サンルーフ　 角型3眼LED　BSM　ソナー,416.7万円,2019(H31),6.5万km,なし,フロアMTモード付8AT,3500CC,2025-08-08T23:31:02.162774,2025-08-08,23:31:02,https://www.carsensor.net/usedcar/bLE/s015/index3.html,https://www.carsensor.net/usedcar/detail/AU6420418006/index.html
RC,情報なし,300 Fスポーツ 純正10.3型ナビ ムーンルーフ BSM ソナー,379.8万円,2018(H30),4.5万km,なし,フロアMTモード付8AT,2000CC,2025-08-08T23:31:02.165513,2025-08-08,23:31:02,https://www.carsensor.net/usedcar/bLE/s015/index3.html,https://www.carsensor.net/usedcar/detail/AU6449953252/index.html
RC,情報なし,350 Fスポーツ TRDエアロマフラー　SR　3眼LED　BSM,470.2万円,2020(R02),6.5万km,なし,フロアMTモード付8AT,3500CC,2025-08-08T23:31:02.168215,2025-08-08,23:31:02,https://www.carsensor.net/usedcar/bLE/s015/index3.html,https://www.carsensor.net/usedcar/detail/AU6329095343/index.html
RC,情報なし,350 Fスポーツ TRDエアロ　SR　角型3眼LED　トルセンLSD,649.7万円,2022(R04),0.9万km,なし,フロアMTモード付8AT,3500CC,2025-08-08T23:31:02.170877,2025-08-08,23:31:02,https://www.carsensor.net/usedcar/bLE/s015/index3.html,https://www.carsensor.net/usedcar/detail/AU6435470828/index.html
RC,情報なし,350 Fスポーツ TRDエアロ・マフラー　サンルーフ　禁煙車,622.1万円,2022(R04),1.8万km,なし,フロアMTモード付8AT,3500CC,2025-08-08T23:31:02.174063,2025-08-08,23:31:02,https://www.carsensor.net/usedcar/bLE/s015/index3.html,https://www.carsensor.net/usedcar/detail/AU6306653275/index.html
RC,情報なし,300 Fスポーツ TRDエアロ&マフラー　マークレビンソン　サンルーフ　TVキャンセラー　TRDカーボントランクスポイラー　ワンオーナー　禁煙車,688万円,2023(R05),0.7万km,なし,フロアMTモード付8AT,2000CC,2025-08-08T23:31:02.177044,2025-08-08,23:31:02,https://www.carsensor.net/usedcar/bLE/s015/index3.html,https://www.carsensor.net/usedcar/detail/AU6418804636/index.html
RC,情報なし,350 Fスポーツ サンルーフ 三眼LED オレンジキャリパー,690.8万円,2025(R07),180km,なし,フロアMTモード付8AT,3500CC,2025-08-08T23:31:02.179775,2025-08-08,23:31:02,https://www.carsensor.net/usedcar/bLE/s015/index3.html,https://www.carsensor.net/usedcar/detail/AU6312829518/index.html
RC,情報なし,300h Fスポーツ ブラック&アクセントマスタードイエロー,255.9万円,2019(H31),18.7万km,なし,フロアMTモード付CVT,2500CC,2025-08-08T23:31:02.182457,2025-08-08,23:31:02,https://www.carsensor.net/usedcar/bLE/s015/index3.html,https://www.carsensor.net/usedcar/detail/AU6445691697/index.html
RC,情報なし,300h Fスポーツ 黒革シート/三眼LEDヘッドライト,193.9万円,2016(H28),15.8万km,なし,フロアMTモード付CVT,2500CC,2025-08-08T23:31:02.185313,2025-08-08,23:31:02,https://www.carsensor.net/usedcar/bLE/s015/index3.html,https://www.carsensor.net/usedcar/detail/AU6464152346/index.html
RC,情報なし,300h Fスポーツ 衝突回避システム　ナビ　レーダークルーズ,467.6万円,2022(R04),3.9万km,なし,フロアCVT,2500CC,2025-08-08T23:31:02.188409,2025-08-08,23:31:02,https://www.carsensor.net/usedcar/bLE/s015/index3.html,https://www.carsensor.net/usedcar/detail/AU6437321242/index.html
RC,情報なし,300h ベースグレード　トヨタ認定中古車 ナビ　ETC　電動シート　アルミホイール,285.6万円,2018(H30),2.3万km,なし,その他AT,2500CC,2025-08-08T23:31:02.191025,2025-08-08,23:31:02,https://www.carsensor.net/usedcar/bLE/s015/index3.html,https://www.carsensor.net/usedcar/detail/AU6170549045/index.html
RC,情報なし,300h 黒革シート純正ナビTVBカメラパドルシフト,189万円,2015(H27),5.8万km,あり,フロアMTモード付CVT,2500CC,2025-08-08T23:31:02.193150,2025-08-08,23:31:02,https://www.carsensor.net/usedcar/bLE/s015/index3.html,https://www.carsensor.net/usedcar/detail/AU6397425103/index.html
RC,情報なし,300h バージョンL,356.6万円,2018(H30),1.3万km,なし,その他AT,2500CC,2025-08-08T23:31:02.195727,2025-08-08,23:31:02,https://www.carsensor.net/usedcar/bLE/s015/index3.html,https://www.carsensor.net/usedcar/detail/AU6469217003/index.html
RC,情報なし,200t バージョンL マークレビンソン 純正ナビ 衝突軽減 ETC,228.8万円,2015(H27),5.4万km,なし,フロアMTモード付8AT,2000CC,2025-08-08T23:31:02.198396,2025-08-08,23:31:02,https://www.carsensor.net/usedcar/bLE/s015/index3.html,https://www.carsensor.net/usedcar/detail/AU6418422190/index.html
RC,情報なし,300h Fスポーツ ナビBカメラTV温冷赤革シート衝突軽減LED,219.9万円,2015(H27),7.6万km,なし,フロアMTモード付CVT,2500CC,2025-08-08T23:31:02.200966,2025-08-08,23:31:02,https://www.carsensor.net/usedcar/bLE/s015/index3.html,https://www.carsensor.net/usedcar/detail/AU6461013300/index.html
RC,情報なし,200t バージョンL 三眼LEDライト/ベンチレーションシート/,238万円,2016(H28),9万km,なし,フロアMTモード付8AT,2000CC,2025-08-08T23:31:02.203613,2025-08-08,23:31:02,https://www.carsensor.net/usedcar/bLE/s015/index3.html,https://www.carsensor.net/usedcar/detail/AU6048115142/index.html
RC,情報なし,300h Fスポーツ ナビ TV Bカメラ BT ETC クルコン BSM,338万円,2015(H27),1.2万km,あり,フロアMTモード付CVT,2500CC,2025-08-08T23:31:02.205690,2025-08-08,23:31:02,https://www.carsensor.net/usedcar/bLE/s015/index3.html,https://www.carsensor.net/usedcar/detail/AU5943169653/index.html
RC,情報なし,300h バージョンL 本革 衝突軽減 禁煙車 純正ナビ Bカメラ,232.7万円,2015(H27),6.2万km,なし,フロアMTモード付CVT,2500CC,2025-08-08T23:31:05.325968,2025-08-08,23:31:05,https://www.carsensor.net/usedcar/bLE/s015/index4.html,https://www.carsensor.net/usedcar/detail/AU6372648328/index.html
RC,情報なし,350 純正ナビ LSS 追従 Bカメ ETC2.0 LED 革,342.1万円,2021(R03),5万km,なし,フロアMTモード付8AT,3500CC,2025-08-08T23:31:05.328697,2025-08-08,23:31:05,https://www.carsensor.net/usedcar/bLE/s015/index4.html,https://www.carsensor.net/usedcar/detail/AU6473255147/index.html
RC,情報なし,200t Fスポーツ マークレビンソン ナビ バックカメラ ETC,234.8万円,2016(H28),8.5万km,なし,フロアMTモード付8AT,2000CC,2025-08-08T23:31:05.331364,2025-08-08,23:31:05,https://www.carsensor.net/usedcar/bLE/s015/index4.html,https://www.carsensor.net/usedcar/detail/AU6334238662/index.html
RC,情報なし,300h バージョンL 純正ナビ ムーンルーフ クルコン,288万円,2015(H27),5万km,なし,フロアMTモード付CVT,2500CC,2025-08-08T23:31:05.334037,2025-08-08,23:31:05,https://www.carsensor.net/usedcar/bLE/s015/index4.html,https://www.carsensor.net/usedcar/detail/AU6354113604/index.html
RC,情報なし,200t Fスポーツ LEDヘッドライト 19インチアルミホイール,249万円,2015(H27),9.4万km,なし,フロアMTモード付8AT,2000CC,2025-08-08T23:31:05.336762,2025-08-08,23:31:05,https://www.carsensor.net/usedcar/bLE/s015/index4.html,https://www.carsensor.net/usedcar/detail/AU6449258456/index.html
RC,情報なし,300h Fスポーツ トヨタ認定中古車　ロングラン保証付き,315.5万円,2017(H29),6万km,なし,フロアCVT,2500CC,2025-08-08T23:31:05.339484,2025-08-08,23:31:05,https://www.carsensor.net/usedcar/bLE/s015/index4.html,https://www.carsensor.net/usedcar/detail/AU6336939817/index.html
RC,情報なし,300h Fスポーツ サンルーフ　ワークアルミ　ダウンサス,289.8万円,2015(H27),6.3万km,なし,フロアMTモード付CVT,2500CC,2025-08-08T23:31:05.341855,2025-08-08,23:31:05,https://www.carsensor.net/usedcar/bLE/s015/index4.html,https://www.carsensor.net/usedcar/detail/AU6231848125/index.html
RC,情報なし,300h Fスポーツ 3眼LEDライト・サンルーフ・赤革パワーエアーシート・ブルートゥースオーディオ・バックモニター・ETC・ドライブレコーダー,374.6万円,2015(H27),1.4万km,なし,フロアMTモード付CVT,2500CC,2025-08-08T23:31:05.344689,2025-08-08,23:31:05,https://www.carsensor.net/usedcar/bLE/s015/index4.html,https://www.carsensor.net/usedcar/detail/AU6461225824/index.html
RC,情報なし,300h Fスポーツ 衝突被害 本革シート パドルシフト電動リア,294.8万円,2015(H27),5.4万km,なし,フロアCVT,2500CC,2025-08-08T23:31:05.347462,2025-08-08,23:31:05,https://www.carsensor.net/usedcar/bLE/s015/index4.html,https://www.carsensor.net/usedcar/detail/AU6311785941/index.html
RC,情報なし,300h Fスポーツ 電動革温冷席 純正フルセグTV ACC ドラレコ,289.8万円,2015(H27),7.8万km,なし,フロアCVT,2500CC,2025-08-08T23:31:05.350173,2025-08-08,23:31:05,https://www.carsensor.net/usedcar/bLE/s015/index4.html,https://www.carsensor.net/usedcar/detail/AU6408784466/index.html
RC,情報なし,200t Fスポーツ 新品タイヤ/サンルーフ/純正 SDナビ/シートヒーター/シート フルレザー/パーキングアシスト バックガイド/ヘッドランプ LED/Bluetooth接続/ETC/EBD付ABS,347.9万円,2016(H28),1.6万km,なし,フロアMTモード付8AT,2000CC,2025-08-08T23:31:05.352901,2025-08-08,23:31:05,https://www.carsensor.net/usedcar/bLE/s015/index4.html,https://www.carsensor.net/usedcar/detail/AU6247830095/index.html
RC,情報なし,300h Fスポーツ 純正7型ナビ/クルコン/ダウンサス/BSM/ETC,293.8万円,2016(H28),7.6万km,なし,フロアMTモード付CVT,2500CC,2025-08-08T23:31:05.355556,2025-08-08,23:31:05,https://www.carsensor.net/usedcar/bLE/s015/index4.html,https://www.carsensor.net/usedcar/detail/AU6361543769/index.html
RC,情報なし,300h Fスポーツ サンルーフ 三眼LEDヘッドライト BSM,409万円,2019(H31),7.9万km,なし,フロアMTモード付CVT,2500CC,2025-08-08T23:31:05.358275,2025-08-08,23:31:05,https://www.carsensor.net/usedcar/bLE/s015/index4.html,https://www.carsensor.net/usedcar/detail/AU6309577699/index.html
RC,情報なし,300h Fスポーツ 赤革・BSM・フルセグ・Bカメラ・BSM,265万円,2016(H28),9.3万km,なし,フロアMTモード付CVT,2500CC,2025-08-08T23:31:05.360850,2025-08-08,23:31:05,https://www.carsensor.net/usedcar/bLE/s015/index4.html,https://www.carsensor.net/usedcar/detail/AU6459585913/index.html
RC,情報なし,300h バージョンL 本革 SDナビ バックカメラ ETC2.0 BSM LSS+,377万円,2018(H30),5.3万km,なし,フロアCVT,2500CC,2025-08-08T23:31:05.363534,2025-08-08,23:31:05,https://www.carsensor.net/usedcar/bLE/s015/index4.html,https://www.carsensor.net/usedcar/detail/AU6413825295/index.html
RC,情報なし,300 Fスポーツ 後期型　赤革ベンチレーション　PCS,430.7万円,2018(H30),1.8万km,なし,フロアMTモード付8AT,2000CC,2025-08-08T23:31:05.366223,2025-08-08,23:31:05,https://www.carsensor.net/usedcar/bLE/s015/index4.html,https://www.carsensor.net/usedcar/detail/AU6393841698/index.html
RC,情報なし,200t Fスポーツ 3眼LED TRDマフラー 本革エアシート,270万円,2017(H29),6.4万km,なし,フロアMTモード付8AT,2000CC,2025-08-08T23:31:05.368938,2025-08-08,23:31:05,https://www.carsensor.net/usedcar/bLE/s015/index4.html,https://www.carsensor.net/usedcar/detail/AU6308307137/index.html
RC,情報なし,300h Fスポーツ サンルーフ/白革シート/レーダークルーズ/フルセグTV/シートメモリ/ステアリングヒーター/パドルシフト/パワーシート/CDデッキ/シートクーラー/オートマチックハイビーム/シートメモリ/純正アルミ/,462.8万円,2019(H31),3.2万km,なし,フロアMTモード付CVT,2500CC,2025-08-08T23:31:05.371755,2025-08-08,23:31:05,https://www.carsensor.net/usedcar/bLE/s015/index4.html,https://www.carsensor.net/usedcar/detail/AU6483899660/index.html
RC,情報なし,300h Fスポーツ 3眼LED サンルーフ 本アルミ名栗調パネル,564.2万円,2023(R05),0.6万km,なし,フロアMTモード付CVT,2500CC,2025-08-08T23:31:05.374426,2025-08-08,23:31:05,https://www.carsensor.net/usedcar/bLE/s015/index4.html,https://www.carsensor.net/usedcar/detail/AU6247838166/index.html
RC,情報なし,300h バージョンL ワンオーナー禁煙車　走行1.9万Km　OP・サンルーフ　OP・19AW　セーフティシステムプラス　BSM/RCTA　黒革シート　10.3型ナビ　バックカメラ　角型3眼LEDライト,485.3万円,2022(R04),1.9万km,なし,フロアMTモード付CVT,2500CC,2025-08-08T23:31:05.377117,2025-08-08,23:31:05,https://www.carsensor.net/usedcar/bLE/s015/index4.html,https://www.carsensor.net/usedcar/detail/AU6481948970/index.html
RC,情報なし,350 エモーショナル アッシュ OP・SR　OP・TRDマフラー&Rディフューザー　オレンジキャリパー　セーフティシステムプラス　BSM/RCTA　角型3眼LED　専用銀墨本杢インパネ加飾　専用黒革　10.3型ナビ　Bカメラ,474.8万円,2020(R02),5.1万km,なし,フロアMTモード付8AT,3500CC,2025-08-08T23:31:05.379774,2025-08-08,23:31:05,https://www.carsensor.net/usedcar/bLE/s015/index4.html,https://www.carsensor.net/usedcar/detail/AU6481949018/index.html
RC,情報なし,300h Fスポーツ 後期/ワンオーナ/禁煙車/オレンジキャリパ/ソニックチタニウム/赤革シート/3眼LEDヘッドライト/スマートキー×2/カードキー/TVキャンセラー/シートヒーター&ベンチレーション/ETC/ドラレコ/ディーラー記録簿12枚,355万円,2019(H31),11.4万km,なし,フロアMTモード付CVT,2500CC,2025-08-08T23:31:05.382020,2025-08-08,23:31:05,https://www.carsensor.net/usedcar/bLE/s015/index4.html,https://www.carsensor.net/usedcar/detail/AU6482110259/index.html
RC,情報なし,300 バージョンL レクサスセーフティ 純正ナビTV Bカメラ,319.8万円,2018(H30),4万km,なし,フロアMTモード付8AT,2000CC,2025-08-08T23:31:05.384679,2025-08-08,23:31:05,https://www.carsensor.net/usedcar/bLE/s015/index4.html,https://www.carsensor.net/usedcar/detail/AU6313693771/index.html
RC,情報なし,300h Fスポーツ トヨタ認定中古車,332.3万円,2016(H28),3.3万km,なし,フロアCVT,2500CC,2025-08-08T23:31:05.386796,2025-08-08,23:31:05,https://www.carsensor.net/usedcar/bLE/s015/index4.html,https://www.carsensor.net/usedcar/detail/AU6308119249/index.html
RC,情報なし,300h Fスポーツ サンルーフ/白革/ベンチレーション,509.8万円,2022(R04),1.9万km,なし,フロアCVT,2500CC,2025-08-08T23:31:05.389407,2025-08-08,23:31:05,https://www.carsensor.net/usedcar/bLE/s015/index4.html,https://www.carsensor.net/usedcar/detail/AU6415536771/index.html
RC,情報なし,200t バージョンL サンルーフ 3眼LED 本革エアシート,300万円,2016(H28),3.3万km,なし,フロアMTモード付8AT,2000CC,2025-08-08T23:31:05.392122,2025-08-08,23:31:05,https://www.carsensor.net/usedcar/bLE/s015/index4.html,https://www.carsensor.net/usedcar/detail/AU6308308734/index.html
RC,情報なし,300h Fスポーツ 本革シート サンルーフ,499.8万円,2022(R04),3万km,なし,フロアMTモード付CVT,2500CC,2025-08-08T23:31:05.394701,2025-08-08,23:31:05,https://www.carsensor.net/usedcar/bLE/s015/index4.html,https://www.carsensor.net/usedcar/detail/AU6456481099/index.html
RC,情報なし,350 左ハンドル/ブラウンレザー/新品20インチAW,317.3万円,2015(H27),12.2万km,なし,フロアMTモード付8AT,3500CC,2025-08-08T23:31:05.397374,2025-08-08,23:31:05,https://www.carsensor.net/usedcar/bLE/s015/index4.html,https://www.carsensor.net/usedcar/detail/AU5839226258/index.html
RC,情報なし,200t Fスポーツ ワンオーナーサンルーフセーフティセンス,311.7万円,2017(H29),6.4万km,なし,フロアMTモード付8AT,2000CC,2025-08-08T23:31:05.400062,2025-08-08,23:31:05,https://www.carsensor.net/usedcar/bLE/s015/index4.html,https://www.carsensor.net/usedcar/detail/AU6420614970/index.html
RC,情報なし,200t Fスポーツ 純正ナビ/Bカメラ/三眼LED/BSM/ETC/禁煙車　ハンドルヒーター　シートクーラー　BSM　ドライブモードセレクトスイッチ　Bluetooth　MTモード付AT　パワーシート　シートメモリー機能　パドルシフト,269.9万円,2016(H28),6.3万km,なし,フロアMTモード付8AT,2000CC,2025-08-08T23:31:05.402774,2025-08-08,23:31:05,https://www.carsensor.net/usedcar/bLE/s015/index4.html,https://www.carsensor.net/usedcar/detail/AU6316671906/index.html
RC,情報なし,350 Fスポーツ メーカーナビ地デジBカメラ3眼LED,196.9万円,2015(H27),8.3万km,なし,フロア8AT,3500CC,2025-08-08T23:31:07.926634,2025-08-08,23:31:07,https://www.carsensor.net/usedcar/bLE/s015/index5.html,https://www.carsensor.net/usedcar/detail/AU6484737644/index.html
RC,情報なし,300 Fスポーツ Fドラレコ　シートヒーター・クーラー,399万円,2018(H30),6.2万km,なし,フロアMTモード付8AT,2000CC,2025-08-08T23:31:07.931609,2025-08-08,23:31:07,https://www.carsensor.net/usedcar/bLE/s015/index5.html,https://www.carsensor.net/usedcar/detail/AU6435636250/index.html
RC,情報なし,350 Fスポーツ 電動シート　オートクルーズコントロール,374.5万円,2016(H28),2万km,なし,フロア8AT,3500CC,2025-08-08T23:31:07.934536,2025-08-08,23:31:07,https://www.carsensor.net/usedcar/bLE/s015/index5.html,https://www.carsensor.net/usedcar/detail/AU6336939805/index.html
RC,情報なし,300h Fスポーツ TRDエアロ&マフラー・3眼LEDヘッドライト・ブラインドスポットモニター・サンルーフ・メモリー付き赤革パワーエアーシート・純正ナビ・TV・CD・DVD-V・ブルートゥースオーディオ・バックモニター,352.9万円,2015(H27),5.1万km,なし,フロアMTモード付CVT,2500CC,2025-08-08T23:31:07.937169,2025-08-08,23:31:07,https://www.carsensor.net/usedcar/bLE/s015/index5.html,https://www.carsensor.net/usedcar/detail/AU6432232244/index.html
RC,情報なし,300h Fスポーツ 300h Fスポーツ,479.8万円,2021(R03),4.8万km,なし,フロアMTモード付CVT,2500CC,2025-08-08T23:31:07.939863,2025-08-08,23:31:07,https://www.carsensor.net/usedcar/bLE/s015/index5.html,https://www.carsensor.net/usedcar/detail/AU6472237700/index.html
RC,情報なし,300 Fスポーツ 3眼LED 本革エアシート レーダークルコン,294万円,2018(H30),8万km,なし,フロアMTモード付8AT,2000CC,2025-08-08T23:31:07.943206,2025-08-08,23:31:07,https://www.carsensor.net/usedcar/bLE/s015/index5.html,https://www.carsensor.net/usedcar/detail/AU6305000937/index.html
RC,情報なし,300 Fスポーツ 中期 10.3型ナビTV Bカメラ 赤革 3眼 ETC,282.7万円,2017(H29),9.8万km,なし,フロアMTモード付8AT,2000CC,2025-08-08T23:31:07.948161,2025-08-08,23:31:07,https://www.carsensor.net/usedcar/bLE/s015/index5.html,https://www.carsensor.net/usedcar/detail/AU6473597672/index.html
RC,情報なし,300h BSM クルコン シートヒーター パワーシート,289.9万円,2016(H28),6.7万km,なし,フロアMTモード付CVT,2500CC,2025-08-08T23:31:07.953051,2025-08-08,23:31:07,https://www.carsensor.net/usedcar/bLE/s015/index5.html,https://www.carsensor.net/usedcar/detail/AU6447986505/index.html
RC,情報なし,300h Fスポーツ TRDフルエアロ　4本出しマフラー　ムーンルーフ　三眼LED　赤革エアシート　レクサスセーフティシステム　BSM　プリクラッシュセーフティ　レーダークルーズ　ETC2.0　純正ナビ　フルセグ　バックカメラ,458万円,2020(R02),6.5万km,なし,フロアMTモード付CVT,2500CC,2025-08-08T23:31:07.956417,2025-08-08,23:31:07,https://www.carsensor.net/usedcar/bLE/s015/index5.html,https://www.carsensor.net/usedcar/detail/AU6471919229/index.html
RC,情報なし,350 Fスポーツ トヨタロングラン保証・室内清掃済,349万円,2015(H27),4.1万km,なし,フロア8AT,3500CC,2025-08-08T23:31:07.959089,2025-08-08,23:31:07,https://www.carsensor.net/usedcar/bLE/s015/index5.html,https://www.carsensor.net/usedcar/detail/AU6447168610/index.html
RC,情報なし,350 Fスポーツ 3眼ヘッドライト　クリアランスソナー,279.8万円,2015(H27),7.7万km,なし,フロアMTモード付8AT,3500CC,2025-08-08T23:31:07.961266,2025-08-08,23:31:07,https://www.carsensor.net/usedcar/bLE/s015/index5.html,https://www.carsensor.net/usedcar/detail/AU6080138450/index.html
RC,情報なし,300h Fスポーツ TRDフルエアロ TRD四本出しマフラー BSM,289万円,2016(H28),8.4万km,あり,フロアMTモード付CVT,2500CC,2025-08-08T23:31:07.963943,2025-08-08,23:31:07,https://www.carsensor.net/usedcar/bLE/s015/index5.html,https://www.carsensor.net/usedcar/detail/AU6359612299/index.html
RC,情報なし,300h Fスポーツ プライム ブラック ムーンルーフ・バックガイドモニター・F SPORT専用8インチTFT液晶式メーター・ディンプル本革ステアリング(パドルシフト・内装専用ブラック&オレンジステッチ・プリクラッシュセーフティ,378万円,2018(H30),3.9万km,なし,フロアMTモード付CVT,2500CC,2025-08-08T23:31:07.966512,2025-08-08,23:31:07,https://www.carsensor.net/usedcar/bLE/s015/index5.html,https://www.carsensor.net/usedcar/detail/AU6237809312/index.html
RC,情報なし,300h Fスポーツ 純正ナビバックカメラムーンルーフ革シート,359.8万円,2016(H28),2.9万km,なし,フロアMTモード付CVT,2500CC,2025-08-08T23:31:07.969147,2025-08-08,23:31:07,https://www.carsensor.net/usedcar/bLE/s015/index5.html,https://www.carsensor.net/usedcar/detail/AU6428466302/index.html
RC,情報なし,300 エモーショナル アッシュ TRDエアロ/Mルーフ/マークレビンソン/,549.8万円,2021(R03),1.3万km,なし,フロアMTモード付8AT,2000CC,2025-08-08T23:31:07.974177,2025-08-08,23:31:07,https://www.carsensor.net/usedcar/bLE/s015/index5.html,https://www.carsensor.net/usedcar/detail/AU6344912792/index.html
RC,情報なし,300h Fスポーツ サンルーフ マクレビ 三眼LED パドルシフト,549.9万円,2020(R02),1.8万km,なし,フロアMTモード付CVT,2500CC,2025-08-08T23:31:07.979084,2025-08-08,23:31:07,https://www.carsensor.net/usedcar/bLE/s015/index5.html,https://www.carsensor.net/usedcar/detail/AU6308144410/index.html
RC,情報なし,300 Fスポーツ TRDエアロ&マフラー/OP三眼ヘッドライト/OPプリクラッシュ/OPレーンアシスト/OPオートハイビーム/TVキャンセラー/カーボンエアクリーナー/TRDカーボントランクスポイラ/Blu-ray,299.9万円,2018(H30),7.3万km,なし,フロア8AT,2000CC,2025-08-08T23:31:07.981758,2025-08-08,23:31:07,https://www.carsensor.net/usedcar/bLE/s015/index5.html,https://www.carsensor.net/usedcar/detail/AU6366511454/index.html
RC,情報なし,350 Fスポーツ,235.6万円,2014(H26),4.9万km,なし,フロアMTモード付8AT,3500CC,2025-08-08T23:31:07.983885,2025-08-08,23:31:07,https://www.carsensor.net/usedcar/bLE/s015/index5.html,https://www.carsensor.net/usedcar/detail/AU6420098195/index.html
RC,情報なし,200t Fスポーツ OPオレンジキャリパー/OPクリアランスソナー/OP三眼ヘッドライト/クルーズコントロール/純正19インチホイール/シートヒーター&エアコン/Bluetooth/記録簿/パワーシート/ETC/純正ナビ,259.9万円,2016(H28),6.5万km,なし,フロア8AT,2000CC,2025-08-08T23:31:07.986077,2025-08-08,23:31:07,https://www.carsensor.net/usedcar/bLE/s015/index5.html,https://www.carsensor.net/usedcar/detail/AU6428619919/index.html
RC,情報なし,300 Fスポーツ OPサンルーフ/カーボンエアロ/OP三眼ヘッドライト/ソナー/BSM&RCTA/プリクラッシュ/レーンサポート/シートヒーター&ベンチレーション/オートハイビーム/前後ドラレコ/Blu-ray/ETC,379.9万円,2022(R04),6.3万km,なし,フロア8AT,2000CC,2025-08-08T23:31:07.988287,2025-08-08,23:31:07,https://www.carsensor.net/usedcar/bLE/s015/index5.html,https://www.carsensor.net/usedcar/detail/AU6358144766/index.html
RC,情報なし,200t Fスポーツ 赤内装/サンルーフ/マークレビンソン,317.7万円,2016(H28),4.2万km,なし,フロアMTモード付8AT,2000CC,2025-08-08T23:31:07.990993,2025-08-08,23:31:07,https://www.carsensor.net/usedcar/bLE/s015/index5.html,https://www.carsensor.net/usedcar/detail/AU6345372753/index.html
RC,情報なし,300h バージョンL,509万円,2023(R05),0.8万km,なし,フロアMTモード付CVT,2500CC,2025-08-08T23:31:07.993048,2025-08-08,23:31:07,https://www.carsensor.net/usedcar/bLE/s015/index5.html,https://www.carsensor.net/usedcar/detail/AU6405483355/index.html
RC,情報なし,200t Fスポーツ OPサンルーフ/OP三眼ヘッドライト/OPオレンジキャリパー/OPクリアランスソナー/OP衝突軽減&追従機能/TVキャンセラー/18インチホイール/シートヒーター&クーラー/Bluetooth/ETC,289.9万円,2016(H28),5.9万km,なし,フロア8AT,2000CC,2025-08-08T23:31:07.995282,2025-08-08,23:31:07,https://www.carsensor.net/usedcar/bLE/s015/index5.html,https://www.carsensor.net/usedcar/detail/AU6473442400/index.html
RC,情報なし,300h Fスポーツ 新品TRDフルエアロ&4本出しマフラー/OP三眼ヘッド/OP　BSM&RCTA/OPトランクスポイラー/TVキャンセラー/ドラレコ/衝突軽減/ソナー/レーンキープ/AHB/バックカメラ/パワーシート,424.9万円,2019(H31),3.7万km,なし,フロアCVT,2500CC,2025-08-08T23:31:07.997503,2025-08-08,23:31:07,https://www.carsensor.net/usedcar/bLE/s015/index5.html,https://www.carsensor.net/usedcar/detail/AU5825333644/index.html
RC,情報なし,300h バージョンL 後期車/記録簿R1からR7有/OPブラインドスポットモニター&リアクロストラフィックアラート/OPクリアランスソナー/三眼ヘッド/衝突軽減/追従機能/レーンキープ/バックカメラ/パワーシート/ドラレコ,369.9万円,2019(R01),6万km,なし,フロアCVT,2500CC,2025-08-08T23:31:07.999672,2025-08-08,23:31:07,https://www.carsensor.net/usedcar/bLE/s015/index5.html,https://www.carsensor.net/usedcar/detail/AU6405282106/index.html
RC,情報なし,300h バージョンL 禁煙 茶革 レ-ダ-クル-ズ フルセグTV ソナ-,315万円,2016(H28),2.3万km,なし,フロアMTモード付CVT,2500CC,2025-08-08T23:31:08.002382,2025-08-08,23:31:08,https://www.carsensor.net/usedcar/bLE/s015/index5.html,https://www.carsensor.net/usedcar/detail/AU5948263754/index.html
RC,情報なし,200t Fスポーツ OPサンルーフ/OP三眼ヘッドライト/OPレーンキープ/OPクリアランスソナー/OPオートハイビーム/TVキャンセラー/クルーズコントロール/シートヒーター&クーラー/19インチ/Bluetooth,239.9万円,2016(H28),10.3万km,なし,フロア8AT,2000CC,2025-08-08T23:31:08.004520,2025-08-08,23:31:08,https://www.carsensor.net/usedcar/bLE/s015/index5.html,https://www.carsensor.net/usedcar/detail/AU6464461422/index.html
RC,情報なし,300h Fスポーツ,205万円,2015(H27),13.1万km,なし,フロアMTモード付CVT,2500CC,2025-08-08T23:31:08.006514,2025-08-08,23:31:08,https://www.carsensor.net/usedcar/bLE/s015/index5.html,https://www.carsensor.net/usedcar/detail/AU6428456775/index.html
RC,情報なし,300h Fスポーツ プリクラッシュ&レーダークルコン　ムーンルーフ　ベンチレーションシート　ホワイトレザー　ステアリングヒーター　純正19AW　メモリー付きPWシート　純正ナビ　フルセグTV　Bモニター　パドルシフト,244.8万円,2015(H27),10.9万km,なし,フロアMTモード付CVT,2500CC,2025-08-08T23:31:08.009214,2025-08-08,23:31:08,https://www.carsensor.net/usedcar/bLE/s015/index5.html,https://www.carsensor.net/usedcar/detail/AU6343509556/index.html
RC,情報なし,300 Fスポーツ OPサンルーフ/APEXI重低音マフラー/OP三眼ヘッド/OPオレンジキャリパー/OP衝突軽減&追従機能/OPレーンキープ/OPソナー/OPオートハイビーム/スタビライジングフィン/TVキャンセラー,349.9万円,2018(H30),4.2万km,なし,フロア8AT,2000CC,2025-08-08T23:31:08.011387,2025-08-08,23:31:08,https://www.carsensor.net/usedcar/bLE/s015/index5.html,https://www.carsensor.net/usedcar/detail/AU6423960401/index.html
RC,情報なし,300h Fスポーツ,220.6万円,2016(H28),14.1万km,なし,その他AT,2500CC,2025-08-08T23:31:10.673503,2025-08-08,23:31:10,https://www.carsensor.net/usedcar/bLE/s015/index6.html,https://www.carsensor.net/usedcar/detail/AU6480814448/index.html
RC,情報なし,200t Fスポーツ,応談,2017(H29),7.1万km,なし,フロアMTモード付8AT,2000CC,2025-08-08T23:31:10.675556,2025-08-08,23:31:10,https://www.carsensor.net/usedcar/bLE/s015/index6.html,https://www.carsensor.net/usedcar/detail/AU2730318750/index.html
RC,情報なし,300h Fスポーツ 三眼フルLEDヘッドライト　純正ナビ　レーダークルコン　ブラインドスポットモニター　オレンジブレーキキャリパー　バックカメラ　ステアリングヒーター　シートヒーター/ベンチレーター　ETC2.0,538.4万円,2022(R04),0.6万km,なし,フロアMTモード付CVT,2500CC,2025-08-08T23:31:10.678286,2025-08-08,23:31:10,https://www.carsensor.net/usedcar/bLE/s015/index6.html,https://www.carsensor.net/usedcar/detail/AU6469391828/index.html
RC,情報なし,300h Fスポーツ OP三眼ライト/OPブラインドスポットモニター&リアクロストラフィックアラート/OPクリアランスソナー/OP衝突軽減&追従機能/記録簿付き/シートヒーター&クーラー/Bluetooth/ETC,339.9万円,2016(H28),4.1万km,なし,フロアCVT,2500CC,2025-08-08T23:31:10.680508,2025-08-08,23:31:10,https://www.carsensor.net/usedcar/bLE/s015/index6.html,https://www.carsensor.net/usedcar/detail/AU6442153643/index.html
RC,情報なし,300h バージョンL OPマークレビンソン/OP19インチホイール/OP衝突軽減&追従機能/OP　BSM&RCTA/OPクリアランスソナー/OPオートハイビーム/OPレーンキープ/記録簿H27からR7全有/純正ドラレコ,269.9万円,2015(H27),8万km,なし,フロアCVT,2500CC,2025-08-08T23:31:10.683495,2025-08-08,23:31:10,https://www.carsensor.net/usedcar/bLE/s015/index6.html,https://www.carsensor.net/usedcar/detail/AU6466348140/index.html
RC,情報なし,300h Fスポーツ,575万円,2023(R05),1.9万km,なし,フロアMTモード付CVT,2500CC,2025-08-08T23:31:10.685549,2025-08-08,23:31:10,https://www.carsensor.net/usedcar/bLE/s015/index6.html,https://www.carsensor.net/usedcar/detail/AU6455488950/index.html
RC,情報なし,300h Fスポーツ CPO認定中古車,553.1万円,2022(R04),1.3万km,なし,フロアMTモード付CVT,2500CC,2025-08-08T23:31:10.688220,2025-08-08,23:31:10,https://www.carsensor.net/usedcar/bLE/s015/index6.html,https://www.carsensor.net/usedcar/detail/AU6447023323/index.html
RC,情報なし,200t Fスポーツ OBD診断済/4本新品タイヤ/専用革シート,247万円,2015(H27),4.5万km,なし,フロアMTモード付8AT,2000CC,2025-08-08T23:31:10.690382,2025-08-08,23:31:10,https://www.carsensor.net/usedcar/bLE/s015/index6.html,https://www.carsensor.net/usedcar/detail/AU6298121428/index.html
RC,情報なし,300h Fスポーツ OBD診断済/後期/ブラインドスポットモニタ,329万円,2020(R02),9万km,なし,フロアMTモード付CVT,2500CC,2025-08-08T23:31:10.694500,2025-08-08,23:31:10,https://www.carsensor.net/usedcar/bLE/s015/index6.html,https://www.carsensor.net/usedcar/detail/AU6382526214/index.html
RC,情報なし,300h Fスポーツ ナビ TV Bluetooth Bカメラ LEDライト,340万円,2018(H30),2.4万km,なし,フロアMTモード付CVT,2500CC,2025-08-08T23:31:10.696952,2025-08-08,23:31:10,https://www.carsensor.net/usedcar/bLE/s015/index6.html,https://www.carsensor.net/usedcar/detail/AU6314689280/index.html
RC,情報なし,300h Fスポーツ ナビTV革SR BSM クリソナプリクラッシュ,320万円,2016(H28),5.2万km,なし,フロアMTモード付CVT,2500CC,2025-08-08T23:31:10.699563,2025-08-08,23:31:10,https://www.carsensor.net/usedcar/bLE/s015/index6.html,https://www.carsensor.net/usedcar/detail/AU6341721665/index.html
RC,情報なし,300h Fスポーツ 本革・マクレビ・クリソナ,351万円,2018(H30),4.9万km,なし,フロアMTモード付CVT,2500CC,2025-08-08T23:31:10.702285,2025-08-08,23:31:10,https://www.carsensor.net/usedcar/bLE/s015/index6.html,https://www.carsensor.net/usedcar/detail/AU6170597752/index.html
RC,情報なし,300h バージョンL,301.9万円,2017(H29),4.8万km,なし,フロアMTモード付CVT,2500CC,2025-08-08T23:31:10.704543,2025-08-08,23:31:10,https://www.carsensor.net/usedcar/bLE/s015/index6.html,https://www.carsensor.net/usedcar/detail/AU6429897475/index.html
RC,情報なし,300 Fスポーツ 本革シート　三眼フルLEDヘッドランプ,565万円,2021(R03),0.6万km,なし,フロアMTモード付8AT,2000CC,2025-08-08T23:31:10.707282,2025-08-08,23:31:10,https://www.carsensor.net/usedcar/bLE/s015/index6.html,https://www.carsensor.net/usedcar/detail/AU6432069317/index.html
RC,情報なし,300 Fスポーツ サンルーフ　OP19インチアルミ　角型3眼LED,580万円,2023(R05),0.9万km,なし,フロアMTモード付8AT,2000CC,2025-08-08T23:31:10.709441,2025-08-08,23:31:10,https://www.carsensor.net/usedcar/bLE/s015/index6.html,https://www.carsensor.net/usedcar/detail/AU6459254083/index.html
RC,情報なし,300 OPクリアランスソナー/OP　BSM&RCTA/1オーナー/ディーラー記録簿付き/TVキャンセラー/前後ドラレコ/レーンキープ/シートヒーター&クーラー/AHB/Bluetooth/ETC/USB,379.9万円,2022(R04),1.4万km,なし,フロア8AT,2000CC,2025-08-08T23:31:10.711746,2025-08-08,23:31:10,https://www.carsensor.net/usedcar/bLE/s015/index6.html,https://www.carsensor.net/usedcar/detail/AU6471220119/index.html
RC,情報なし,300 後期車/OPクリアランスソナー/OPブラインドスポットモニター&リアクロストラフィックアラート/TVキャン/前後ドラレコ/レーンキープ/衝突軽減/追従機能/シートヒーター/Bluetooth/ETC,319.9万円,2020(R02),4.7万km,なし,フロア8AT,2000CC,2025-08-08T23:31:10.714045,2025-08-08,23:31:10,https://www.carsensor.net/usedcar/bLE/s015/index6.html,https://www.carsensor.net/usedcar/detail/AU6480815142/index.html
RC,情報なし,200t BSM/WORK20インチホイール禁煙車/レーダークルーズコントロール/WORK20インチホイール/ブラインドスポットモニター/メモリーシート/パワーシート/ハンドルヒーター/ドライブモード,228万円,2016(H28),9.5万km,なし,フロアMTモード付8AT,2000CC,2025-08-08T23:31:10.716870,2025-08-08,23:31:10,https://www.carsensor.net/usedcar/bLE/s015/index6.html,https://www.carsensor.net/usedcar/detail/AU6470745301/index.html
RC,情報なし,350 Fスポーツ プリクラッシュ BSM クリアランスソナー,268.8万円,2015(H27),4.6万km,なし,フロア8AT,3500CC,2025-08-08T23:31:10.719558,2025-08-08,23:31:10,https://www.carsensor.net/usedcar/bLE/s015/index6.html,https://www.carsensor.net/usedcar/detail/AU6250929085/index.html
RC,情報なし,350 Fスポーツ 三眼LED　マークレビンソン　寒冷地,272万円,2015(H27),2.8万km,あり,フロアMTモード付8AT,3500CC,2025-08-08T23:31:10.721668,2025-08-08,23:31:10,https://www.carsensor.net/usedcar/bLE/s015/index6.html,https://www.carsensor.net/usedcar/detail/AU6425106034/index.html
RC,情報なし,300h Fスポーツ 後期モデル　ホワイトレザーシート,398.9万円,2020(R02),4.3万km,なし,フロアMTモード付CVT,2500CC,2025-08-08T23:31:10.724530,2025-08-08,23:31:10,https://www.carsensor.net/usedcar/bLE/s015/index6.html,https://www.carsensor.net/usedcar/detail/AU6206320950/index.html
RC,情報なし,200t Fスポーツ ターボ サンルーフ 橙キャリパー黒革 Dレコ,249.9万円,2015(H27),9.4万km,なし,フロアMTモード付8AT,2000CC,2025-08-08T23:31:10.727232,2025-08-08,23:31:10,https://www.carsensor.net/usedcar/bLE/s015/index6.html,https://www.carsensor.net/usedcar/detail/AU6405272203/index.html
RC,情報なし,200t Fスポーツ 赤革 純正ナビ Bカメラ Cソナー D記録簿,267.5万円,2016(H28),5.5万km,なし,フロアMTモード付8AT,2000CC,2025-08-08T23:31:10.729852,2025-08-08,23:31:10,https://www.carsensor.net/usedcar/bLE/s015/index6.html,https://www.carsensor.net/usedcar/detail/AU6264155045/index.html
RC,情報なし,350 Fスポーツ OP三眼LEDヘッドライト/OP衝突軽減&追従機能/OPレーンアシスト/OPブラインドスポット&リアクロストラフィック/OPクリアランスソナー/OPオートハイビーム/TVキャンセラー/ハンドルヒーター,269.9万円,2016(H28),4万km,なし,フロア8AT,3500CC,2025-08-08T23:31:10.732129,2025-08-08,23:31:10,https://www.carsensor.net/usedcar/bLE/s015/index6.html,https://www.carsensor.net/usedcar/detail/AU6269013613/index.html
RC,情報なし,200t Fスポーツ 純正ナビ　ETC　ドライブレコーダー,279.9万円,2016(H28),4.7万km,なし,フロアMTモード付8AT,2000CC,2025-08-08T23:31:10.734369,2025-08-08,23:31:10,https://www.carsensor.net/usedcar/bLE/s015/index6.html,https://www.carsensor.net/usedcar/detail/AU6265620131/index.html
RC,情報なし,300 Fスポーツ 後期型1オーナーマクレビ3眼LED禁煙車,430万円,2022(R04),2.3万km,なし,フロアMTモード付8AT,2000CC,2025-08-08T23:31:10.737251,2025-08-08,23:31:10,https://www.carsensor.net/usedcar/bLE/s015/index6.html,https://www.carsensor.net/usedcar/detail/AU6449127959/index.html
RC,情報なし,350 Fスポーツ 新品20AW　ダウンサス　3眼LEDヘッド,299万円,2015(H27),6.2万km,なし,フロアMTモード付8AT,3500CC,2025-08-08T23:31:10.739444,2025-08-08,23:31:10,https://www.carsensor.net/usedcar/bLE/s015/index6.html,https://www.carsensor.net/usedcar/detail/AU6311629182/index.html
RC,情報なし,300h Fスポーツ 黒革シート　パドルシフト　ハイブリッド,271.8万円,2016(H28),6.1万km,なし,フロアCVT,2500CC,2025-08-08T23:31:10.742270,2025-08-08,23:31:10,https://www.carsensor.net/usedcar/bLE/s015/index6.html,https://www.carsensor.net/usedcar/detail/AU6459255946/index.html
RC,情報なし,350 Fスポーツ CPO認定中古車　トルセンLSD,598.5万円,2023(R05),0.9万km,なし,フロアMTモード付8AT,3500CC,2025-08-08T23:31:10.745170,2025-08-08,23:31:10,https://www.carsensor.net/usedcar/bLE/s015/index6.html,https://www.carsensor.net/usedcar/detail/AU6223672877/index.html
RC,情報なし,300 Fスポーツ H30前期最終モデル/OP三眼ヘッドライト/OP　BSM&RCTA/OP衝突軽減&追従機能/OPレーンキープ/OPオートハイビーム/TVキャンセラー/Bluetooth/シートヒーター&クーラー,299.9万円,2018(H30),3.9万km,なし,フロア8AT,2000CC,2025-08-08T23:31:10.747634,2025-08-08,23:31:10,https://www.carsensor.net/usedcar/bLE/s015/index6.html,https://www.carsensor.net/usedcar/detail/AU6484549946/index.html
RC,情報なし,300h バージョンL OPマークレビンソン/OP衝突軽減&追従機能/OPレーンキープ/OPオートハイビーム/OPブラインドスポットモニター&リアクロストラフィックアラート/OPソナー/Bluetooth/ETC/記録簿付,239.9万円,2016(H28),8.8万km,なし,フロアCVT,2500CC,2025-08-08T23:31:13.388109,2025-08-08,23:31:13,https://www.carsensor.net/usedcar/bLE/s015/index7.html,https://www.carsensor.net/usedcar/detail/AU6482555824/index.html
RC,情報なし,200t Fスポーツ ナビTVETC　クルコンシートヒータ　保証1年,301.9万円,2016(H28),3.9万km,なし,フロアMTモード付8AT,2000CC,2025-08-08T23:31:13.390226,2025-08-08,23:31:13,https://www.carsensor.net/usedcar/bLE/s015/index7.html,https://www.carsensor.net/usedcar/detail/AU6270948988/index.html
RC,情報なし,300h SR プリクラッシュセーフティ レザー,249.8万円,2015(H27),9万km,なし,フロアCVT,2500CC,2025-08-08T23:31:13.392853,2025-08-08,23:31:13,https://www.carsensor.net/usedcar/bLE/s015/index7.html,https://www.carsensor.net/usedcar/detail/AU6439014927/index.html
RC,情報なし,300 バージョンL ワンオーナー 赤黒シート ETC,368万円,2019(H31),3.9万km,なし,フロアMTモード付8AT,2000CC,2025-08-08T23:31:13.394820,2025-08-08,23:31:13,https://www.carsensor.net/usedcar/bLE/s015/index7.html,https://www.carsensor.net/usedcar/detail/AU6154909644/index.html
RC,情報なし,300h バージョンL 3眼LED　禁煙　ブラウンレザー　ACC追従,384万円,2019(R01),2.9万km,なし,フロアMTモード付CVT,2500CC,2025-08-08T23:31:13.396821,2025-08-08,23:31:13,https://www.carsensor.net/usedcar/bLE/s015/index7.html,https://www.carsensor.net/usedcar/detail/AU6113961335/index.html
RC,情報なし,300h Fスポーツ CPO認定中古車　シートエアコン,535.6万円,2022(R04),2.1万km,なし,フロアMTモード付CVT,2500CC,2025-08-08T23:31:13.399471,2025-08-08,23:31:13,https://www.carsensor.net/usedcar/bLE/s015/index7.html,https://www.carsensor.net/usedcar/detail/AU6394315585/index.html
RC,情報なし,300h Fスポーツ 後期型　3眼LED　RC-Fリアバンパー　RS-R車高調　4POTキャリパー　純正ナビ　地デジ　BT接続　バックカメラ　ETC　ドラレコ　シートヒーター　ベンチレーション　ACC　BSM　レーンキープ　純正19AW,329.8万円,2020(R02),10.3万km,なし,フロアMTモード付CVT,2500CC,2025-08-08T23:31:13.402018,2025-08-08,23:31:13,https://www.carsensor.net/usedcar/bLE/s015/index7.html,https://www.carsensor.net/usedcar/detail/AU6467015116/index.html
RC,情報なし,300h バージョンL マクレビ・サンルーフ・本革・記録簿,408万円,2018(H30),2.9万km,なし,フロアMTモード付CVT,2500CC,2025-08-08T23:31:13.404095,2025-08-08,23:31:13,https://www.carsensor.net/usedcar/bLE/s015/index7.html,https://www.carsensor.net/usedcar/detail/AU6308147106/index.html
RC,情報なし,200t Fスポーツ,319.2万円,2017(H29),8.2万km,なし,フロアMTモード付8AT,2000CC,2025-08-08T23:31:13.407069,2025-08-08,23:31:13,https://www.carsensor.net/usedcar/bLE/s015/index7.html,https://www.carsensor.net/usedcar/detail/AU6349838758/index.html
RC,情報なし,200t Fスポーツ 専用19インチアルミシートヒータードラレコ,258万円,2016(H28),9.8万km,なし,フロアMTモード付8AT,2000CC,2025-08-08T23:31:13.409197,2025-08-08,23:31:13,https://www.carsensor.net/usedcar/bLE/s015/index7.html,https://www.carsensor.net/usedcar/detail/AU6038027707/index.html
RC,情報なし,200t Fスポーツ 赤革　TRDエアロ　TRDリアスポイラー　TRDマフラー　ローダウン　オレンジキャリパー　　プリクラッシュブレーキ　レーダークルコン　ターボ　シートヒーター&ベンチレーション　純正ナビ　フルセグ,257万円,2017(H29),11万km,なし,フロアMTモード付8AT,2000CC,2025-08-08T23:31:13.411808,2025-08-08,23:31:13,https://www.carsensor.net/usedcar/bLE/s015/index7.html,https://www.carsensor.net/usedcar/detail/AU6464304481/index.html
RC,情報なし,300h Fスポーツ ワンオーナー3眼LED禁煙プリクラSドラレコ,288万円,2015(H27),8.5万km,なし,フロアMTモード付CVT,2500CC,2025-08-08T23:31:13.414934,2025-08-08,23:31:13,https://www.carsensor.net/usedcar/bLE/s015/index7.html,https://www.carsensor.net/usedcar/detail/AU5943457810/index.html
RC,情報なし,300h バージョンL /認定中古車・2年保証付・当社試乗車,533.5万円,2022(R04),1.6万km,なし,フロアMTモード付CVT,2500CC,2025-08-08T23:31:13.418937,2025-08-08,23:31:13,https://www.carsensor.net/usedcar/bLE/s015/index7.html,https://www.carsensor.net/usedcar/detail/AU6467013676/index.html
RC,情報なし,300 バージョンL OPムーンルーフ/OPマークレビンソン/レーダークルーズ/プリクラッシュ/レーンアシスト/オートハイビーム/三眼ヘッドライト/シートヒーター&ベンチレーション/記録簿付/Blu-ray/ETC,369.9万円,2020(R02),4.3万km,なし,フロア8AT,2000CC,2025-08-08T23:31:13.421923,2025-08-08,23:31:13,https://www.carsensor.net/usedcar/bLE/s015/index7.html,https://www.carsensor.net/usedcar/detail/AU6303203920/index.html
RC,情報なし,300h Fスポーツ マクレビ ムーンルーフ 角型LED BSM,359.8万円,2015(H27),5.5万km,なし,フロアCVT,2500CC,2025-08-08T23:31:13.425922,2025-08-08,23:31:13,https://www.carsensor.net/usedcar/bLE/s015/index7.html,https://www.carsensor.net/usedcar/detail/AU6448959702/index.html
RC,情報なし,300h Fスポーツ CPO　レクサス認定中古車,552.3万円,2022(R04),2.3万km,なし,フロアMTモード付CVT,2500CC,2025-08-08T23:31:13.430188,2025-08-08,23:31:13,https://www.carsensor.net/usedcar/bLE/s015/index7.html,https://www.carsensor.net/usedcar/detail/AU6469405834/index.html
RC,情報なし,300 Fスポーツ ワンオーナー・赤革・BSM・記録簿,438万円,2019(R01),2.1万km,なし,フロアMTモード付8AT,2000CC,2025-08-08T23:31:13.432724,2025-08-08,23:31:13,https://www.carsensor.net/usedcar/bLE/s015/index7.html,https://www.carsensor.net/usedcar/detail/AU6410506452/index.html
RC,情報なし,350 Fスポーツ サンルーフ　TRDエアロパーツ,364.8万円,2019(H31),11万km,なし,フロア8AT,3500CC,2025-08-08T23:31:13.436295,2025-08-08,23:31:13,https://www.carsensor.net/usedcar/bLE/s015/index7.html,https://www.carsensor.net/usedcar/detail/AU6425387096/index.html
RC,情報なし,300h Fスポーツ RAYS20インチ　HKS車高調　BLITZスポイラー,299.9万円,2014(H26),8.8万km,なし,フロアMTモード付CVT,2500CC,2025-08-08T23:31:13.438449,2025-08-08,23:31:13,https://www.carsensor.net/usedcar/bLE/s015/index7.html,https://www.carsensor.net/usedcar/detail/AU6187001487/index.html
RC,情報なし,300h Fスポーツ 赤革シート　プリクラッシュブレーキ　レーダークルコン　ブラインドスポット　Fスポーツ専用19インチAW　コーナーセンサー　シートヒーター&ベンチレーション　ハンドルヒーター　純正ナビ　フルセグ,212万円,2017(H29),12.6万km,あり,フロアMTモード付CVT,2500CC,2025-08-08T23:31:13.440999,2025-08-08,23:31:13,https://www.carsensor.net/usedcar/bLE/s015/index7.html,https://www.carsensor.net/usedcar/detail/AU6427184233/index.html
RC,情報なし,300 Fスポーツ 三眼LEDヘッドライト　オレンジキャリパー,468.7万円,2019(H31),2.4万km,なし,フロアMTモード付8AT,2000CC,2025-08-08T23:31:13.443690,2025-08-08,23:31:13,https://www.carsensor.net/usedcar/bLE/s015/index7.html,https://www.carsensor.net/usedcar/detail/AU6338355436/index.html
RC,情報なし,350 Fスポーツ SR　マクレビ　OP19インチAW　3眼LEDヘッド,439.9万円,2020(R02),4.9万km,なし,フロアMTモード付8AT,3500CC,2025-08-08T23:31:13.446478,2025-08-08,23:31:13,https://www.carsensor.net/usedcar/bLE/s015/index7.html,https://www.carsensor.net/usedcar/detail/AU6306474853/index.html
RC,情報なし,300h Fスポーツ カーボンエアロWeds20AW3眼LED赤革シート,358万円,2015(H27),7万km,なし,フロアMTモード付CVT,2500CC,2025-08-08T23:31:13.449150,2025-08-08,23:31:13,https://www.carsensor.net/usedcar/bLE/s015/index7.html,https://www.carsensor.net/usedcar/detail/AU6317648561/index.html
RC,情報なし,300h Fスポーツ 三眼LED プリクラッシュセーフティ レーダークルーズ 赤革シート マークレビンソン ブラインドスポット Fスポーツ専用19インチAW シートヒーター&ベンチレーション ステアリングヒーター フルセグTV Bluetooth,241万円,2015(H27),9.3万km,あり,フロアMTモード付CVT,2500CC,2025-08-08T23:31:13.451901,2025-08-08,23:31:13,https://www.carsensor.net/usedcar/bLE/s015/index7.html,https://www.carsensor.net/usedcar/detail/AU6475417293/index.html
RC,情報なし,300h Fスポーツ BBS19インチ　車高調　エアロ　マフラー,379.9万円,2015(H27),6.4万km,なし,フロアMTモード付CVT,2500CC,2025-08-08T23:31:13.454099,2025-08-08,23:31:13,https://www.carsensor.net/usedcar/bLE/s015/index7.html,https://www.carsensor.net/usedcar/detail/AU6103897363/index.html
RC,情報なし,300h Fスポーツ 純正ナビ　フルセグTV　バックモニター,359.3万円,2015(H27),6.2万km,なし,フロアMTモード付CVT,2500CC,2025-08-08T23:31:13.456726,2025-08-08,23:31:13,https://www.carsensor.net/usedcar/bLE/s015/index7.html,https://www.carsensor.net/usedcar/detail/AU6371496689/index.html
RC,情報なし,300,348万円,2023(R05),0.7万km,あり,フロアMTモード付8AT,2000CC,2025-08-08T23:31:13.458709,2025-08-08,23:31:13,https://www.carsensor.net/usedcar/bLE/s015/index7.html,https://www.carsensor.net/usedcar/detail/AU6366349537/index.html
RC,情報なし,350 Fスポーツ ムーンルーフ　本革シート,565万円,2023(R05),0.8万km,なし,フロアMTモード付8AT,3500CC,2025-08-08T23:31:13.461409,2025-08-08,23:31:13,https://www.carsensor.net/usedcar/bLE/s015/index7.html,https://www.carsensor.net/usedcar/detail/AU6308150564/index.html
RC,情報なし,300h バージョンL,154.7万円,2015(H27),15.6万km,なし,フロアCVT,2500CC,2025-08-08T23:31:13.463508,2025-08-08,23:31:13,https://www.carsensor.net/usedcar/bLE/s015/index7.html,https://www.carsensor.net/usedcar/detail/AU6264027113/index.html
RC,情報なし,300h バージョンL サンルーフ・革シート,458.9万円,2021(R03),1.7万km,なし,フロアCVT,2500CC,2025-08-08T23:31:13.465652,2025-08-08,23:31:13,https://www.carsensor.net/usedcar/bLE/s015/index7.html,https://www.carsensor.net/usedcar/detail/AU6307838222/index.html
RC,情報なし,300h バージョンL ホムラ20インチAW ダウンサス Fスポグリル,238万円,2015(H27),5.8万km,あり,フロアMTモード付CVT,2500CC,2025-08-08T23:31:15.944334,2025-08-08,23:31:15,https://www.carsensor.net/usedcar/bLE/s015/index8.html,https://www.carsensor.net/usedcar/detail/AU6423983046/index.html
RC,情報なし,350 バージョンL 純正メーカーナビ・地デジ,412.8万円,2020(R02),3.3万km,あり,フロアMTモード付8AT,3500CC,2025-08-08T23:31:15.946632,2025-08-08,23:31:15,https://www.carsensor.net/usedcar/bLE/s015/index8.html,https://www.carsensor.net/usedcar/detail/AU6349847472/index.html
RC,情報なし,350 バージョンL 革シート,260.4万円,2014(H26),5.2万km,なし,フロア8AT,3500CC,2025-08-08T23:31:15.948792,2025-08-08,23:31:15,https://www.carsensor.net/usedcar/bLE/s015/index8.html,https://www.carsensor.net/usedcar/detail/AU6252555715/index.html
RC,情報なし,300h Fスポーツ レーダークルーズコントロール,360万円,2018(H30),4.7万km,なし,フロアCVT,2500CC,2025-08-08T23:31:15.950901,2025-08-08,23:31:15,https://www.carsensor.net/usedcar/bLE/s015/index8.html,https://www.carsensor.net/usedcar/detail/AU6314686121/index.html
RC,情報なし,350 バージョンL 1オーナー　ダークローズレザー,484.6万円,2022(R04),1.4万km,なし,フロアMTモード付8AT,3500CC,2025-08-08T23:31:15.953114,2025-08-08,23:31:15,https://www.carsensor.net/usedcar/bLE/s015/index8.html,https://www.carsensor.net/usedcar/detail/AU5870557550/index.html
RC,情報なし,300h Fスポーツ,399万円,2022(R04),0.6万km,あり,フロアMTモード付CVT,2500CC,2025-08-08T23:31:15.955219,2025-08-08,23:31:15,https://www.carsensor.net/usedcar/bLE/s015/index8.html,https://www.carsensor.net/usedcar/detail/AU6366349570/index.html
RC,情報なし,350 バージョンL ムーンルーフ 三眼LEDライト OP19AW　ETC,244.4万円,2014(H26),6.7万km,なし,フロアMTモード付8AT,3500CC,2025-08-08T23:31:15.957941,2025-08-08,23:31:15,https://www.carsensor.net/usedcar/bLE/s015/index8.html,https://www.carsensor.net/usedcar/detail/AU6455689180/index.html
RC,情報なし,300h,422.6万円,2020(R02),3.7万km,なし,フロアCVT,2500CC,2025-08-08T23:31:15.960028,2025-08-08,23:31:15,https://www.carsensor.net/usedcar/bLE/s015/index8.html,https://www.carsensor.net/usedcar/detail/AU6328768899/index.html
RC,情報なし,300h Fスポーツ SDナビ 赤革 サンルーフ レグザーニ20AW,264万円,2015(H27),9.7万km,なし,フロアMTモード付CVT,2500CC,2025-08-08T23:31:15.962840,2025-08-08,23:31:15,https://www.carsensor.net/usedcar/bLE/s015/index8.html,https://www.carsensor.net/usedcar/detail/AU6471400631/index.html
RC,情報なし,300h Fスポーツ CPO(認定中古車),447.9万円,2019(R01),2.6万km,なし,フロアMTモード付CVT,2500CC,2025-08-08T23:31:15.965473,2025-08-08,23:31:15,https://www.carsensor.net/usedcar/bLE/s015/index8.html,https://www.carsensor.net/usedcar/detail/AU6420578055/index.html
RC,情報なし,300h Fスポーツ レーダークルーズ　サンルーフ,440.8万円,2020(R02),3.9万km,なし,フロアCVT,2500CC,2025-08-08T23:31:15.967589,2025-08-08,23:31:15,https://www.carsensor.net/usedcar/bLE/s015/index8.html,https://www.carsensor.net/usedcar/detail/AU6455824461/index.html
RC,情報なし,300h バージョンL ムーンルーフ　セミアニリン本革シート　純正ドライブレコーダー　ブラインドスポットモニター　クリアランスソナー,337.1万円,2019(H31),2.1万km,あり,フロアMTモード付CVT,2500CC,2025-08-08T23:31:15.970336,2025-08-08,23:31:15,https://www.carsensor.net/usedcar/bLE/s015/index8.html,https://www.carsensor.net/usedcar/detail/AU6465809821/index.html
RC,情報なし,300 Fスポーツ CPO認定中古車 本革・三眼フルLEDヘッドランプ・オレンジブレーキキャリパー,513.1万円,2021(R03),1.4万km,なし,フロアMTモード付8AT,2000CC,2025-08-08T23:31:15.973130,2025-08-08,23:31:15,https://www.carsensor.net/usedcar/bLE/s015/index8.html,https://www.carsensor.net/usedcar/detail/AU6484236446/index.html
RC,情報なし,300h ワンオーナー/プリクラシュシステム/フBSM/LEDライト/LEDフォグ/L texシート/純正ナビ/DTV/Bカメ/左右独立AAC/17AW/クラアランス/温席/検8.6/ETC/革巻ステア/プレミアムサウンド,223.3万円,2017(H29),7.2万km,なし,フロアMTモード付CVT,2500CC,2025-08-08T23:31:15.975324,2025-08-08,23:31:15,https://www.carsensor.net/usedcar/bLE/s015/index8.html,https://www.carsensor.net/usedcar/detail/AU6483752859/index.html
RC,情報なし,350 バージョンL タイヤ4本新品　サンルーフ　TRDマフラー,515.6万円,2022(R04),1.6万km,なし,フロアMTモード付8AT,3500CC,2025-08-08T23:31:15.978026,2025-08-08,23:31:15,https://www.carsensor.net/usedcar/bLE/s015/index8.html,https://www.carsensor.net/usedcar/detail/AU6154579667/index.html
RC,情報なし,300 バージョンL,347.5万円,2019(H31),3.2万km,なし,フロアMTモード付8AT,2000CC,2025-08-08T23:31:15.980035,2025-08-08,23:31:15,https://www.carsensor.net/usedcar/bLE/s015/index8.html,https://www.carsensor.net/usedcar/detail/AU6231485459/index.html
RC,情報なし,350 Fスポーツ 赤革シート　3眼LEDヘッドライト　プリクラッシュブレーキ　レーダークルコン　レーンキープ　車高調　純正ナビ&アンドロイドナビ切替　フルセグ　Bluetooth　バックカメラ　シートヒーター&ベンチレーション,208万円,2015(H27),14.8万km,なし,フロアMTモード付8AT,3500CC,2025-08-08T23:31:15.982810,2025-08-08,23:31:15,https://www.carsensor.net/usedcar/bLE/s015/index8.html,https://www.carsensor.net/usedcar/detail/AU6440719799/index.html
RC,情報なし,300h Fスポーツ ムーンルーフ　三眼LED　プリクラッシュ,264.5万円,2016(H28),9万km,なし,フロアMTモード付CVT,2500CC,2025-08-08T23:31:15.985561,2025-08-08,23:31:15,https://www.carsensor.net/usedcar/bLE/s015/index8.html,https://www.carsensor.net/usedcar/detail/AU6234365688/index.html
RC,情報なし,300h Fスポーツ neutrale20inch鍛造 エアサス SR シ-トH/C,310万円,2016(H28),7万km,なし,フロアMTモード付CVT,2500CC,2025-08-08T23:31:15.988084,2025-08-08,23:31:15,https://www.carsensor.net/usedcar/bLE/s015/index8.html,https://www.carsensor.net/usedcar/detail/AU6435309441/index.html
RC,情報なし,300h Fスポーツ 認定中古車　寒冷地仕様　ムーンルーフ　　19インチアルミホイール　三眼フルLEDヘッドランプ　マークレビンソンプレミアムサラウンドサウンドシステム,545.8万円,2022(R04),0.9万km,なし,フロアMTモード付CVT,2500CC,2025-08-08T23:31:15.990740,2025-08-08,23:31:15,https://www.carsensor.net/usedcar/bLE/s015/index8.html,https://www.carsensor.net/usedcar/detail/AU6480414015/index.html
RC,情報なし,300h Fスポーツ 1オナ黒革S12セグMナ,545.8万円,2021(R03),0.8万km,なし,フロアMTモード付CVT,2500CC,2025-08-08T23:31:15.993000,2025-08-08,23:31:15,https://www.carsensor.net/usedcar/bLE/s015/index8.html,https://www.carsensor.net/usedcar/detail/AU6418940584/index.html
RC,情報なし,300h バージョンL,485.4万円,2022(R04),1.5万km,なし,フロアCVT,2500CC,2025-08-08T23:31:15.995056,2025-08-08,23:31:15,https://www.carsensor.net/usedcar/bLE/s015/index8.html,https://www.carsensor.net/usedcar/detail/AU6273764045/index.html
RC,情報なし,300h Fスポーツ TRDエアロ&マフラー SDナビ本革サンルーフ,273万円,2016(H28),9.9万km,なし,フロアCVT,2500CC,2025-08-08T23:31:15.997691,2025-08-08,23:31:15,https://www.carsensor.net/usedcar/bLE/s015/index8.html,https://www.carsensor.net/usedcar/detail/AU6330444642/index.html
RC,情報なし,300h Fスポーツ SDナビETC 赤革 サンルーフ 3眼LEDライト,268万円,2015(H27),9.6万km,なし,フロアMTモード付CVT,2500CC,2025-08-08T23:31:16.000336,2025-08-08,23:31:16,https://www.carsensor.net/usedcar/bLE/s015/index8.html,https://www.carsensor.net/usedcar/detail/AU6435479159/index.html
RC,情報なし,300h Fスポーツ SDナビ　ETC 赤革 サンルーフ　LEDライト,254万円,2015(H27),10.5万km,なし,フロアMTモード付CVT,2500CC,2025-08-08T23:31:16.003062,2025-08-08,23:31:16,https://www.carsensor.net/usedcar/bLE/s015/index8.html,https://www.carsensor.net/usedcar/detail/AU6473247756/index.html
RC,情報なし,300 認定中古車　ムーンルーフ　ドラレコ,481.1万円,2021(R03),2.7万km,なし,フロアMTモード付8AT,2000CC,2025-08-08T23:31:16.005651,2025-08-08,23:31:16,https://www.carsensor.net/usedcar/bLE/s015/index8.html,https://www.carsensor.net/usedcar/detail/AU6405107654/index.html
RC,情報なし,300 Fスポーツ TRDエアロ TRDマフラー 赤革,461.9万円,2018(H30),2.3万km,なし,フロアMTモード付8AT,2000CC,2025-08-08T23:31:16.007758,2025-08-08,23:31:16,https://www.carsensor.net/usedcar/bLE/s015/index8.html,https://www.carsensor.net/usedcar/detail/AU6482719179/index.html
RC,情報なし,300h 禁煙車　純正ナビ フルセグ バックカメラ,240万円,2015(H27),8.5万km,なし,フロアMTモード付CVT,2500CC,2025-08-08T23:31:16.009930,2025-08-08,23:31:16,https://www.carsensor.net/usedcar/bLE/s015/index8.html,https://www.carsensor.net/usedcar/detail/AU6402554822/index.html
RC,情報なし,300h Fスポーツ,339万円,2015(H27),3.8万km,なし,フロアMTモード付CVT,2500CC,2025-08-08T23:31:16.012023,2025-08-08,23:31:16,https://www.carsensor.net/usedcar/bLE/s015/index8.html,https://www.carsensor.net/usedcar/detail/AU6031117001/index.html
RC,情報なし,350 Fスポーツ ENKEI19AWトルセンLSD三眼LED赤革1オナ,558.1万円,2023(R05),1.6万km,なし,フロアMTモード付8AT,3500CC,2025-08-08T23:31:16.014150,2025-08-08,23:31:16,https://www.carsensor.net/usedcar/bLE/s015/index8.html,https://www.carsensor.net/usedcar/detail/AU6415537253/index.html
RC,情報なし,300h Fスポーツ 認定中古車　三眼フルLEDヘッドランプ,571.5万円,2023(R05),1.4万km,なし,フロアMTモード付CVT,2500CC,2025-08-08T23:31:18.268775,2025-08-08,23:31:18,https://www.carsensor.net/usedcar/bLE/s015/index9.html,https://www.carsensor.net/usedcar/detail/AU6428454764/index.html
RC,情報なし,350 Fスポーツ TRDエアロ BSM 3眼LED オレンジキャリパー,198.9万円,2017(H29),15.7万km,なし,フロアMTモード付8AT,3500CC,2025-08-08T23:31:18.270861,2025-08-08,23:31:18,https://www.carsensor.net/usedcar/bLE/s015/index9.html,https://www.carsensor.net/usedcar/detail/AU6366501714/index.html
RC,情報なし,300 Fスポーツ,450.9万円,2021(R03),3.2万km,なし,フロアMTモード付8AT,2000CC,2025-08-08T23:31:18.272913,2025-08-08,23:31:18,https://www.carsensor.net/usedcar/bLE/s015/index9.html,https://www.carsensor.net/usedcar/detail/AU6165941619/index.html
RC,情報なし,300h バージョンL,445万円,2020(R02),3万km,なし,フロアMTモード付CVT,2500CC,2025-08-08T23:31:18.274965,2025-08-08,23:31:18,https://www.carsensor.net/usedcar/bLE/s015/index9.html,https://www.carsensor.net/usedcar/detail/AU6303348802/index.html
RC,情報なし,350 Fスポーツ,394万円,2018(H30),4.9万km,なし,フロアMTモード付8AT,3500CC,2025-08-08T23:31:18.277100,2025-08-08,23:31:18,https://www.carsensor.net/usedcar/bLE/s015/index9.html,https://www.carsensor.net/usedcar/detail/AU6475715492/index.html
RC,情報なし,300h Fスポーツ ワンオーナー　サンルーフ　オレンジキャリ,477.5万円,2019(R01),3.4万km,なし,フロアMTモード付CVT,2500CC,2025-08-08T23:31:18.279200,2025-08-08,23:31:18,https://www.carsensor.net/usedcar/bLE/s015/index9.html,https://www.carsensor.net/usedcar/detail/AU5825177015/index.html
RC,情報なし,300h Fスポーツ 1年保証付　純正アルミ　サンルーフ,458万円,2019(R01),5.7万km,なし,フロアCVT,2500CC,2025-08-08T23:31:18.281240,2025-08-08,23:31:18,https://www.carsensor.net/usedcar/bLE/s015/index9.html,https://www.carsensor.net/usedcar/detail/AU6239432754/index.html
RC,情報なし,300 Fスポーツ プライムブラック　サンルーフTWS鍛造20AW,430万円,2018(H30),4.2万km,なし,フロア8AT,2000CC,2025-08-08T23:31:18.283245,2025-08-08,23:31:18,https://www.carsensor.net/usedcar/bLE/s015/index9.html,https://www.carsensor.net/usedcar/detail/AU6428910590/index.html
RC,情報なし,300 Fスポーツ LSS+ SDナビ メモリ-シ-ト エアシ-ト,450万円,2019(R01),4.6万km,なし,フロアMTモード付8AT,2000CC,2025-08-08T23:31:18.285815,2025-08-08,23:31:18,https://www.carsensor.net/usedcar/bLE/s015/index9.html,https://www.carsensor.net/usedcar/detail/AU6364340991/index.html
RC,情報なし,300 エモーショナル アッシュ CPO認定中古車 特別仕様車 ムーンルーフ,532.7万円,2021(R03),4.4万km,なし,フロア8AT,2000CC,2025-08-08T23:31:18.287988,2025-08-08,23:31:18,https://www.carsensor.net/usedcar/bLE/s015/index9.html,https://www.carsensor.net/usedcar/detail/AU6332179655/index.html
RC,情報なし,300h Fスポーツ AT PS PW　エアB　キーレス　ETC,267万円,2015(H27),8.3万km,あり,フロアCVT,2500CC,2025-08-08T23:31:18.290158,2025-08-08,23:31:18,https://www.carsensor.net/usedcar/bLE/s015/index9.html,https://www.carsensor.net/usedcar/detail/AU5813043550/index.html
RC,情報なし,350 Fスポーツ サンルーフ　エアサス　フロントエアロ,335万円,2016(H28),5.1万km,なし,フロアMTモード付8AT,3500CC,2025-08-08T23:31:18.292344,2025-08-08,23:31:18,https://www.carsensor.net/usedcar/bLE/s015/index9.html,https://www.carsensor.net/usedcar/detail/AU6478496196/index.html
RC,情報なし,300h エモーショナル アッシュ レクサス認定中古車(CPO),542.3万円,2021(R03),3.6万km,なし,フロアCVT,2500CC,2025-08-08T23:31:18.294880,2025-08-08,23:31:18,https://www.carsensor.net/usedcar/bLE/s015/index9.html,https://www.carsensor.net/usedcar/detail/AU6473255806/index.html
RC,情報なし,300h Fスポーツ ムーンルーフ,353.8万円,2015(H27),7.4万km,なし,フロアMTモード付CVT,2500CC,2025-08-08T23:31:18.296905,2025-08-08,23:31:18,https://www.carsensor.net/usedcar/bLE/s015/index9.html,https://www.carsensor.net/usedcar/detail/AU6415204734/index.html
RC,情報なし,300h Fスポーツ サンルーフ・マークレビンソン・三眼LEDヘッドライト・シートヒーター&ベンチレーション・ステアリングヒーター・純正ナビ・フルセグTV・ETC2.0・バックモニター・レクサスセーフティセンス,299万円,2015(H27),11.5万km,なし,フロアMTモード付CVT,2500CC,2025-08-08T23:31:18.298939,2025-08-08,23:31:18,https://www.carsensor.net/usedcar/bLE/s015/index9.html,https://www.carsensor.net/usedcar/detail/AU6480955820/index.html
RC,情報なし,350 Fスポーツ 黒革サンルーフナビTVバックカメラ車高調エアロマフラーLED禁煙車ETC,349.9万円,2016(H28),7.4万km,なし,フロアMTモード付8AT,3500CC,2025-08-08T23:31:18.301092,2025-08-08,23:31:18,https://www.carsensor.net/usedcar/bLE/s015/index9.html,https://www.carsensor.net/usedcar/detail/AU6472064679/index.html
RC,情報なし,300 Fスポーツ 認定中古車　ブラインドスポットモニター,503.3万円,2020(R02),5.2万km,なし,フロアMTモード付8AT,2000CC,2025-08-08T23:31:18.303614,2025-08-08,23:31:18,https://www.carsensor.net/usedcar/bLE/s015/index9.html,https://www.carsensor.net/usedcar/detail/AU6347799137/index.html
RC,情報なし,200t Fスポーツ,380.7万円,2016(H28),7.8万km,なし,フロア8AT,2000CC,2025-08-08T23:31:18.305786,2025-08-08,23:31:18,https://www.carsensor.net/usedcar/bLE/s015/index9.html,https://www.carsensor.net/usedcar/detail/AU6473381227/index.html
RC,情報なし,200t OP5年保証対象車　オートLEDヘッドライト,279.1万円,2017(H29),7万km,なし,フロアMTモード付8AT,2000CC,2025-08-08T23:31:18.307758,2025-08-08,23:31:18,https://www.carsensor.net/usedcar/bLE/s015/index9.html,https://www.carsensor.net/usedcar/detail/AU6406697514/index.html
RC,情報なし,300h OP5年保証対象車　メーカーナビ　本革シー,277.4万円,2016(H28),7万km,なし,フロアMTモード付CVT,2500CC,2025-08-08T23:31:18.309777,2025-08-08,23:31:18,https://www.carsensor.net/usedcar/bLE/s015/index9.html,https://www.carsensor.net/usedcar/detail/AU6459107374/index.html
RC,情報なし,350 バージョンL サンルーフ　シートエアコン　ナビCD/DVD,289.5万円,2014(H26),7万km,なし,フロア8AT,3500CC,2025-08-08T23:31:18.311743,2025-08-08,23:31:18,https://www.carsensor.net/usedcar/bLE/s015/index9.html,https://www.carsensor.net/usedcar/detail/AU6299745265/index.html
RC,情報なし,300h Fスポーツ サンルーフ 三眼LEDヘッドライト BSM,応談,2019(H31),7.9万km,なし,フロアMTモード付CVT,2500CC,2025-08-08T23:31:18.314195,2025-08-08,23:31:18,https://www.carsensor.net/usedcar/bLE/s015/index9.html,https://www.carsensor.net/usedcar/lease/AU6309577699/index.html
RC,情報なし,300h Fスポーツ TRDフルエアロ TRD四本出しマフラー BSM,応談,2016(H28),8.4万km,あり,フロアMTモード付CVT,2500CC,2025-08-08T23:31:18.316654,2025-08-08,23:31:18,https://www.carsensor.net/usedcar/bLE/s015/index9.html,https://www.carsensor.net/usedcar/lease/AU6359612299/index.html
